date,Person.ID,Dept.No.,Faculty.No.,With.PHD,years_in_uni,Number.of.Successful.Grant,Number.of.Unsuccessful.Grant,A.,A,B,C
2008-01-01,5232,2578.0,25.0,1.0,4.0,3.0,1.0,7.0,6.0,6.0,4.0
2008-01-01,77807,2578.0,25.0,1.0,2.0,2.0,1.0,0.0,0.0,0.0,0.0
2008-01-01,28797,2768.0,25.0,1.0,1.0,6.0,13.0,0.0,0.0,0.0,1.0
2008-01-01,714027,,,,,0.0,0.0,0.0,0.0,0.0,0.0
2008-01-01,16452,,,,,0.0,0.0,1.0,8.0,13.0,8.0
2008-01-01,22582,3198.0,31.0,1.0,1.0,1.0,0.0,0.0,4.0,1.0,0.0
2008-01-01,8062,3198.0,31.0,1.0,3.0,0.0,0.0,0.0,0.0,0.0,0.0
2008-01-01,80982,,,,,0.0,0.0,1.0,8.0,3.0,2.0
2008-01-01,70487,2853.0,25.0,,,2.0,4.0,2.0,8.0,5.0,10.0
2008-01-01,73942,2728.0,25.0,1.0,3.0,3.0,1.0,9.0,18.0,7.0,5.0
2008-01-01,158617,2738.0,25.0,,1.0,1.0,0.0,0.0,0.0,0.0,0.0
2008-01-01,78827,2498.0,25.0,1.0,4.0,2.0,2.0,8.0,17.0,10.0,2.0
2008-01-01,60517,1098.0,1.0,1.0,2.0,2.0,5.0,1.0,18.0,3.0,0.0
2008-01-01,107242,1098.0,1.0,,0.0,2.0,0.0,0.0,0.0,0.0,0.0
2008-01-01,66887,2813.0,25.0,,0.0,5.0,15.0,0.0,9.0,2.0,0.0
2008-01-01,497907,2578.0,25.0,1.0,1.0,0.0,1.0,3.0,1.0,1.0,0.0
2008-01-01,802167,2603.0,25.0,,1.0,2.0,4.0,1.0,0.0,0.0,0.0
2008-01-01,63757,2553.0,25.0,1.0,4.0,0.0,1.0,6.0,5.0,1.0,5.0
2008-01-01,70647,,,,,0.0,0.0,0.0,0.0,0.0,0.0
2008-01-01,16987,2653.0,25.0,,3.0,2.0,1.0,72.0,28.0,6.0,4.0
2008-01-01,53202,3048.0,31.0,1.0,2.0,2.0,2.0,17.0,4.0,2.0,3.0
2008-01-01,68202,118.0,118.0,,0.0,2.0,0.0,3.0,4.0,6.0,4.0
2008-03-01,874467,3198.0,31.0,,1.0,1.0,1.0,3.0,12.0,4.0,9.0
2008-01-18,76352,2523.0,25.0,1.0,3.0,1.0,0.0,14.0,22.0,13.0,2.0
2008-01-18,79192,2523.0,25.0,1.0,4.0,5.0,12.0,0.0,0.0,0.0,0.0
2008-01-18,730127,2678.0,25.0,,,1.0,5.0,0.0,0.0,0.0,0.0
2008-01-22,938937,2813.0,25.0,1.0,1.0,1.0,0.0,0.0,1.0,1.0,1.0
2008-01-22,101532,2538.0,25.0,,1.0,2.0,7.0,0.0,0.0,0.0,0.0
2008-01-29,63047,,,,,0.0,0.0,4.0,4.0,7.0,4.0
2008-01-29,69517,1258.0,34.0,1.0,4.0,2.0,3.0,10.0,6.0,16.0,61.0
2008-01-29,11837,1033.0,1.0,1.0,3.0,0.0,2.0,0.0,1.0,5.0,6.0
2008-01-29,357,2853.0,25.0,1.0,3.0,0.0,0.0,2.0,10.0,8.0,10.0
2008-01-30,29807,1258.0,34.0,1.0,2.0,1.0,0.0,0.0,3.0,3.0,0.0
2008-01-30,64727,,,,,0.0,0.0,0.0,0.0,0.0,0.0
2008-01-02,14562,2763.0,25.0,,4.0,1.0,0.0,4.0,3.0,5.0,1.0
2008-01-02,6192,,,,,0.0,0.0,0.0,0.0,0.0,0.0
2008-01-02,11322,1798.0,118.0,1.0,1.0,0.0,0.0,0.0,4.0,1.0,2.0
2008-01-02,4102,2948.0,25.0,1.0,4.0,0.0,4.0,9.0,16.0,11.0,4.0
2008-04-02,79802,3028.0,31.0,1.0,4.0,3.0,2.0,4.0,20.0,17.0,5.0
2008-06-02,67647,2678.0,25.0,1.0,3.0,5.0,11.0,16.0,18.0,11.0,5.0
2008-06-02,730127,2678.0,25.0,,,1.0,5.0,0.0,0.0,0.0,0.0
2008-06-02,93802,2563.0,25.0,1.0,1.0,1.0,5.0,0.0,1.0,8.0,20.0
2008-07-02,7747,2518.0,25.0,1.0,2.0,0.0,3.0,1.0,3.0,1.0,1.0
2008-07-02,755517,2538.0,25.0,1.0,1.0,2.0,6.0,3.0,2.0,1.0,2.0
2008-07-02,69032,2538.0,25.0,1.0,2.0,5.0,7.0,0.0,0.0,0.0,0.0
2008-07-02,449137,2538.0,25.0,1.0,1.0,1.0,6.0,4.0,2.0,1.0,1.0
2008-11-02,16137,2653.0,25.0,,3.0,5.0,18.0,6.0,6.0,2.0,0.0
2008-11-02,801752,2653.0,25.0,,1.0,2.0,2.0,1.0,0.0,0.0,0.0
2008-11-02,11322,1798.0,118.0,1.0,1.0,2.0,0.0,0.0,4.0,1.0,2.0
2008-12-02,77987,2498.0,25.0,,2.0,0.0,4.0,2.0,3.0,2.0,1.0
2008-02-14,78992,2763.0,25.0,1.0,4.0,3.0,4.0,9.0,22.0,7.0,9.0
2008-02-14,28607,2763.0,25.0,1.0,2.0,3.0,2.0,6.0,25.0,14.0,14.0
2008-02-14,79217,2828.0,25.0,,0.0,2.0,4.0,0.0,0.0,0.0,0.0
2008-02-14,74567,2813.0,25.0,,3.0,1.0,0.0,7.0,25.0,37.0,24.0
2008-02-21,45012,2103.0,19.0,1.0,1.0,0.0,0.0,0.0,0.0,1.0,2.0
2008-02-21,125287,2103.0,19.0,1.0,1.0,1.0,2.0,0.0,0.0,0.0,0.0
2008-02-28,69732,2153.0,19.0,1.0,4.0,4.0,2.0,3.0,41.0,4.0,0.0
2008-02-28,607102,3048.0,31.0,,,1.0,1.0,7.0,2.0,1.0,0.0
2008-01-03,82312,2298.0,46.0,,,0.0,1.0,0.0,1.0,1.0,2.0
2008-01-03,289542,2883.0,25.0,1.0,1.0,1.0,3.0,0.0,2.0,3.0,0.0
2008-01-03,492967,,,,,0.0,0.0,0.0,0.0,0.0,0.0
2008-01-03,137552,,,,,0.0,0.0,0.0,0.0,4.0,2.0
2008-01-03,23342,2883.0,25.0,1.0,2.0,3.0,1.0,6.0,2.0,17.0,12.0
2008-01-03,23182,,,,,0.0,0.0,0.0,0.0,4.0,4.0
2008-01-03,44252,2813.0,25.0,1.0,2.0,2.0,2.0,5.0,4.0,2.0,0.0
2008-01-03,73352,2813.0,25.0,,4.0,0.0,0.0,0.0,0.0,0.0,0.0
2008-01-03,19602,2813.0,25.0,,4.0,2.0,0.0,8.0,13.0,11.0,7.0
2008-03-03,87202,653.0,7.0,,1.0,1.0,1.0,0.0,0.0,0.0,0.0
2008-03-03,80477,3268.0,31.0,1.0,4.0,1.0,0.0,0.0,6.0,5.0,7.0
2008-03-03,60517,1098.0,1.0,1.0,2.0,2.0,5.0,1.0,18.0,3.0,0.0
2008-03-03,30977,3028.0,31.0,,1.0,3.0,0.0,0.0,0.0,0.0,0.0
2008-03-03,48902,2053.0,19.0,1.0,2.0,0.0,0.0,8.0,0.0,12.0,0.0
2008-03-03,64517,2053.0,19.0,1.0,4.0,2.0,1.0,0.0,0.0,0.0,0.0
2008-03-03,13812,2178.0,19.0,1.0,2.0,1.0,2.0,2.0,1.0,7.0,0.0
2008-03-03,75572,2178.0,19.0,,1.0,0.0,0.0,0.0,0.0,0.0,0.0
2008-03-03,11837,1033.0,1.0,1.0,3.0,0.0,3.0,0.0,1.0,5.0,6.0
2008-03-03,68732,2523.0,25.0,1.0,1.0,0.0,1.0,0.0,0.0,0.0,0.0
2008-03-03,67447,3028.0,31.0,1.0,2.0,1.0,0.0,16.0,14.0,9.0,6.0
2008-03-03,63772,828.0,7.0,1.0,3.0,2.0,1.0,11.0,3.0,1.0,12.0
2008-03-03,14187,498.0,7.0,1.0,4.0,2.0,0.0,0.0,0.0,1.0,0.0
2008-03-03,13682,1258.0,34.0,1.0,2.0,2.0,5.0,1.0,21.0,3.0,2.0
2008-03-03,2232,2653.0,25.0,,0.0,0.0,3.0,0.0,0.0,2.0,0.0
2008-03-03,20122,2523.0,25.0,1.0,1.0,3.0,6.0,1.0,12.0,6.0,6.0
2008-03-03,95892,2523.0,25.0,,1.0,1.0,0.0,0.0,0.0,0.0,0.0
2008-03-03,63562,2523.0,25.0,,1.0,3.0,3.0,0.0,7.0,13.0,8.0
2008-03-31,1737,2533.0,25.0,1.0,2.0,3.0,4.0,10.0,26.0,15.0,14.0
2008-03-31,32467,2533.0,25.0,1.0,1.0,0.0,0.0,0.0,0.0,0.0,0.0
2008-03-31,86282,2533.0,25.0,,2.0,0.0,0.0,2.0,8.0,1.0,3.0
2008-03-31,74987,,,,,0.0,0.0,3.0,11.0,2.0,2.0
2008-03-31,74527,,25.0,1.0,3.0,0.0,1.0,24.0,86.0,42.0,32.0
2008-03-31,69517,1258.0,34.0,1.0,4.0,3.0,4.0,10.0,6.0,16.0,61.0
2008-03-31,132247,1998.0,19.0,,1.0,0.0,5.0,10.0,16.0,5.0,0.0
2008-01-04,30707,2253.0,19.0,1.0,2.0,1.0,2.0,0.0,3.0,14.0,4.0
2008-02-04,13192,2668.0,25.0,1.0,3.0,1.0,1.0,5.0,2.0,2.0,1.0
2008-02-04,113192,3508.0,4.0,1.0,1.0,1.0,1.0,2.0,1.0,0.0,1.0
2008-03-04,498427,2668.0,25.0,1.0,1.0,3.0,10.0,3.0,9.0,8.0,0.0
2008-04-04,700027,998.0,1.0,1.0,1.0,1.0,1.0,0.0,0.0,1.0,1.0
2008-07-04,68252,528.0,7.0,1.0,4.0,0.0,6.0,2.0,2.0,1.0,1.0
2008-07-04,143992,2163.0,19.0,1.0,1.0,4.0,3.0,3.0,2.0,3.0,1.0
2008-07-04,500447,1678.0,13.0,,,1.0,3.0,2.0,0.0,8.0,1.0
2008-08-04,22847,2053.0,19.0,1.0,2.0,6.0,1.0,10.0,6.0,5.0,0.0
2008-08-04,6562,2053.0,19.0,,0.0,1.0,1.0,0.0,0.0,0.0,0.0
2008-08-04,362,2548.0,25.0,1.0,3.0,0.0,0.0,0.0,0.0,0.0,1.0
2008-08-04,16582,2548.0,25.0,,0.0,0.0,1.0,0.0,3.0,7.0,4.0
2008-09-04,36242,2713.0,25.0,1.0,2.0,1.0,3.0,2.0,2.0,0.0,0.0
2008-09-04,79022,2713.0,25.0,,4.0,4.0,11.0,36.0,48.0,10.0,4.0
2008-09-04,16632,2973.0,25.0,1.0,2.0,1.0,4.0,10.0,10.0,1.0,2.0
2008-09-04,72222,2973.0,25.0,,4.0,0.0,3.0,17.0,15.0,9.0,6.0
2008-09-04,64277,2973.0,25.0,1.0,4.0,0.0,1.0,25.0,16.0,12.0,6.0
2008-10-04,49592,2103.0,19.0,1.0,2.0,0.0,0.0,0.0,0.0,2.0,1.0
2008-11-04,918527,,,,,0.0,0.0,0.0,2.0,2.0,4.0
2008-11-04,18732,3073.0,31.0,1.0,2.0,0.0,1.0,0.0,0.0,1.0,1.0
2008-11-04,73862,2298.0,46.0,1.0,2.0,0.0,0.0,1.0,2.0,6.0,4.0
2008-11-04,104862,,,,,0.0,0.0,0.0,0.0,0.0,0.0
2008-11-04,863682,,,,,0.0,0.0,0.0,0.0,0.0,0.0
2008-04-14,381382,2923.0,25.0,1.0,1.0,0.0,1.0,0.0,0.0,3.0,3.0
2008-04-16,22792,3508.0,4.0,1.0,2.0,1.0,5.0,0.0,2.0,0.0,1.0
2008-04-21,408232,1428.0,34.0,1.0,1.0,1.0,4.0,0.0,0.0,0.0,0.0
2008-04-21,66607,1258.0,34.0,,4.0,1.0,0.0,0.0,0.0,0.0,0.0
2008-04-21,684937,,,,,0.0,0.0,0.0,0.0,0.0,0.0
2008-04-21,870747,,,,,0.0,0.0,0.0,0.0,0.0,0.0
2008-04-21,953102,2653.0,25.0,,1.0,0.0,1.0,0.0,0.0,0.0,0.0
2008-04-21,73422,2713.0,25.0,1.0,3.0,3.0,4.0,9.0,12.0,9.0,8.0
2008-04-22,69732,2153.0,19.0,1.0,4.0,4.0,3.0,3.0,41.0,4.0,0.0
2008-04-22,64867,3268.0,31.0,1.0,4.0,5.0,4.0,7.0,39.0,11.0,6.0
2008-04-22,7862,2523.0,25.0,1.0,2.0,1.0,1.0,4.0,8.0,10.0,8.0
2008-04-22,80037,3098.0,31.0,1.0,4.0,3.0,2.0,2.0,9.0,6.0,1.0
2008-04-22,89472,3048.0,31.0,1.0,1.0,9.0,1.0,21.0,3.0,4.0,0.0
2008-04-28,21132,2568.0,25.0,1.0,2.0,2.0,0.0,22.0,25.0,11.0,15.0
2008-04-28,17707,2568.0,25.0,1.0,2.0,0.0,4.0,0.0,0.0,0.0,0.0
2008-04-28,748607,2813.0,25.0,,1.0,0.0,0.0,0.0,2.0,0.0,2.0
2008-04-28,104107,,,,,0.0,0.0,0.0,0.0,0.0,0.0
2008-04-30,84622,2973.0,25.0,,2.0,3.0,12.0,16.0,16.0,7.0,7.0
2008-04-30,22792,3508.0,4.0,1.0,2.0,1.0,6.0,0.0,2.0,0.0,1.0
2008-04-30,16987,2653.0,25.0,,3.0,3.0,1.0,72.0,28.0,6.0,4.0
2008-04-30,74827,2768.0,25.0,1.0,3.0,0.0,2.0,24.0,46.0,22.0,6.0
2008-04-30,64777,2813.0,25.0,,4.0,1.0,11.0,0.0,0.0,0.0,0.0
2008-01-05,39807,2628.0,25.0,1.0,1.0,1.0,0.0,0.0,1.0,0.0,0.0
2008-01-05,713112,2578.0,25.0,,1.0,0.0,3.0,0.0,0.0,0.0,0.0
2008-01-05,75992,2893.0,25.0,1.0,2.0,2.0,2.0,1.0,10.0,2.0,0.0
2008-01-05,25117,2763.0,25.0,1.0,0.0,2.0,1.0,3.0,15.0,3.0,5.0
2008-01-05,9107,2523.0,25.0,1.0,2.0,4.0,1.0,3.0,8.0,21.0,15.0
2008-01-05,30527,2523.0,25.0,1.0,2.0,4.0,1.0,0.0,0.0,0.0,0.0
2008-01-05,32437,2653.0,25.0,,1.0,0.0,1.0,2.0,0.0,0.0,0.0
2008-01-05,803052,2653.0,25.0,,1.0,1.0,1.0,0.0,0.0,0.0,0.0
2008-01-05,72037,2713.0,25.0,1.0,2.0,5.0,9.0,9.0,6.0,7.0,0.0
2008-01-05,8732,2713.0,25.0,1.0,3.0,2.0,4.0,2.0,5.0,2.0,0.0
2008-01-05,7512,2538.0,25.0,1.0,0.0,0.0,4.0,1.0,5.0,2.0,1.0
2008-01-05,106282,2628.0,25.0,1.0,1.0,1.0,4.0,9.0,4.0,5.0,2.0
2008-01-05,26667,2768.0,25.0,1.0,1.0,0.0,1.0,2.0,8.0,2.0,0.0
2008-01-05,148087,2653.0,25.0,,1.0,2.0,6.0,8.0,3.0,0.0,0.0
2008-01-05,20937,2763.0,25.0,1.0,2.0,0.0,9.0,4.0,7.0,2.0,0.0
2008-01-05,89627,2653.0,25.0,1.0,1.0,1.0,4.0,2.0,3.0,2.0,0.0
2008-01-05,132927,2523.0,25.0,1.0,1.0,2.0,1.0,6.0,12.0,2.0,1.0
2008-01-05,127397,2713.0,25.0,,,0.0,4.0,1.0,1.0,2.0,0.0
2008-02-05,65712,2523.0,25.0,,4.0,2.0,6.0,3.0,3.0,8.0,11.0
2008-02-05,301472,2533.0,25.0,1.0,1.0,7.0,5.0,0.0,0.0,0.0,0.0
2008-05-05,36402,,,,,0.0,0.0,0.0,1.0,0.0,0.0
2008-05-05,67152,2553.0,25.0,1.0,4.0,0.0,0.0,0.0,9.0,9.0,2.0
2008-07-05,144267,2763.0,25.0,1.0,1.0,0.0,5.0,0.0,0.0,0.0,0.0
2008-12-05,1737,2533.0,25.0,1.0,2.0,4.0,4.0,10.0,26.0,15.0,14.0
2008-12-05,101532,2538.0,25.0,,1.0,3.0,8.0,2.0,8.0,7.0,1.0
2008-12-05,76352,2523.0,25.0,1.0,3.0,1.0,1.0,14.0,22.0,13.0,2.0
2008-12-05,78922,2578.0,25.0,,1.0,2.0,1.0,0.0,15.0,6.0,1.0
2008-12-05,24627,2768.0,25.0,,2.0,0.0,2.0,0.0,3.0,2.0,0.0
2008-12-05,7862,2523.0,25.0,1.0,2.0,1.0,3.0,4.0,8.0,10.0,8.0
2008-12-05,941027,1033.0,1.0,1.0,1.0,1.0,0.0,0.0,8.0,9.0,1.0
2008-12-05,3182,2523.0,25.0,1.0,3.0,4.0,2.0,2.0,7.0,27.0,34.0
2008-05-19,76757,2153.0,19.0,1.0,1.0,1.0,0.0,3.0,2.0,0.0,0.0
2008-05-19,70227,2538.0,25.0,1.0,2.0,1.0,4.0,0.0,0.0,0.0,0.0
2008-05-19,34127,2523.0,25.0,1.0,1.0,1.0,0.0,1.0,1.0,0.0,0.0
2008-05-19,113192,3508.0,4.0,1.0,1.0,2.0,1.0,2.0,1.0,0.0,1.0
2008-05-20,415187,2813.0,25.0,,1.0,0.0,2.0,0.0,0.0,0.0,0.0
2008-05-20,69812,2813.0,25.0,,2.0,4.0,11.0,0.0,0.0,0.0,0.0
2008-05-21,111192,1098.0,1.0,1.0,1.0,0.0,7.0,3.0,23.0,15.0,13.0
2008-05-21,66007,3268.0,31.0,1.0,4.0,2.0,0.0,2.0,26.0,13.0,2.0
2008-05-27,122322,,,,,0.0,0.0,0.0,0.0,1.0,0.0
2008-05-27,72177,3658.0,22.0,1.0,4.0,3.0,2.0,0.0,0.0,0.0,0.0
2008-05-28,149107,2628.0,25.0,,0.0,3.0,2.0,6.0,6.0,0.0,3.0
2008-05-28,7452,2628.0,25.0,,2.0,6.0,11.0,0.0,0.0,0.0,0.0
2008-05-28,54737,3258.0,31.0,1.0,2.0,4.0,5.0,0.0,3.0,1.0,0.0
2008-05-29,33557,2768.0,25.0,1.0,1.0,0.0,0.0,0.0,0.0,0.0,0.0
2008-05-29,28797,2768.0,25.0,1.0,1.0,7.0,14.0,0.0,0.0,0.0,1.0
2008-05-29,75662,2853.0,25.0,1.0,4.0,2.0,0.0,1.0,8.0,18.0,17.0
2008-05-30,31067,3098.0,31.0,1.0,2.0,0.0,1.0,4.0,7.0,4.0,3.0
2008-01-06,65712,2523.0,25.0,,4.0,2.0,6.0,3.0,3.0,8.0,11.0
2008-03-06,77582,2553.0,25.0,,2.0,1.0,0.0,0.0,3.0,2.0,1.0
2008-03-06,70652,2553.0,25.0,,1.0,0.0,1.0,0.0,0.0,0.0,0.0
2008-03-06,67152,2553.0,25.0,1.0,4.0,0.0,0.0,0.0,9.0,9.0,2.0
2008-03-06,17342,2828.0,25.0,1.0,2.0,2.0,24.0,13.0,30.0,26.0,8.0
2008-04-06,71867,2578.0,25.0,1.0,4.0,7.0,3.0,11.0,29.0,46.0,24.0
2008-04-06,72037,2713.0,25.0,1.0,2.0,7.0,11.0,9.0,6.0,7.0,0.0
2008-05-06,60517,1098.0,1.0,1.0,2.0,3.0,7.0,1.0,18.0,3.0,0.0
2008-05-06,107242,1098.0,1.0,,0.0,2.0,0.0,0.0,0.0,0.0,0.0
2008-05-06,28342,2153.0,19.0,1.0,1.0,2.0,1.0,0.0,10.0,6.0,0.0
2008-05-06,82722,2153.0,19.0,1.0,3.0,1.0,0.0,0.0,0.0,0.0,0.0
2008-05-06,765697,3273.0,31.0,1.0,1.0,2.0,1.0,0.0,0.0,2.0,0.0
2008-05-06,557,2813.0,25.0,,0.0,1.0,1.0,3.0,14.0,8.0,9.0
2008-05-06,7597,3048.0,31.0,1.0,3.0,2.0,4.0,13.0,14.0,23.0,13.0
2008-05-06,952677,,,1.0,,0.0,0.0,4.0,1.0,0.0,0.0
2008-05-06,11612,3508.0,4.0,1.0,3.0,1.0,0.0,13.0,2.0,0.0,0.0
2008-05-06,778842,,,1.0,,0.0,2.0,0.0,0.0,0.0,0.0
2008-06-06,142457,2713.0,25.0,,0.0,2.0,2.0,0.0,0.0,1.0,0.0
2008-06-06,5222,3268.0,31.0,,0.0,0.0,6.0,0.0,11.0,6.0,13.0
2008-06-06,636867,3268.0,31.0,1.0,1.0,1.0,1.0,1.0,10.0,7.0,0.0
2008-06-17,45967,2163.0,19.0,1.0,2.0,0.0,3.0,1.0,0.0,3.0,0.0
2008-06-17,90572,2163.0,19.0,1.0,1.0,0.0,4.0,0.0,1.0,0.0,0.0
2008-06-18,984172,2973.0,25.0,1.0,1.0,0.0,1.0,0.0,1.0,0.0,3.0
2008-06-18,39457,3123.0,31.0,1.0,2.0,2.0,3.0,1.0,3.0,5.0,2.0
2008-06-18,71727,3268.0,31.0,1.0,4.0,2.0,2.0,7.0,24.0,34.0,7.0
2008-06-18,36452,3073.0,31.0,1.0,0.0,0.0,0.0,0.0,0.0,0.0,0.0
2008-06-18,25837,3073.0,31.0,1.0,2.0,0.0,1.0,0.0,0.0,0.0,0.0
2008-06-18,16137,2653.0,25.0,,3.0,4.0,17.0,6.0,6.0,2.0,0.0
2008-06-20,23872,3028.0,31.0,1.0,1.0,0.0,0.0,0.0,7.0,1.0,1.0
2008-06-20,592,3028.0,31.0,1.0,3.0,2.0,2.0,0.0,0.0,0.0,0.0
2008-06-23,5967,2923.0,25.0,1.0,3.0,3.0,5.0,0.0,3.0,11.0,6.0
2008-06-23,878457,,,,,0.0,0.0,0.0,0.0,0.0,0.0
2008-06-23,79652,2498.0,25.0,1.0,4.0,0.0,4.0,2.0,3.0,9.0,7.0
2008-06-23,65342,2768.0,25.0,1.0,4.0,0.0,2.0,5.0,25.0,12.0,3.0
2008-06-23,3182,2523.0,25.0,1.0,3.0,4.0,2.0,2.0,7.0,27.0,34.0
2008-06-23,17367,2523.0,25.0,1.0,2.0,3.0,7.0,0.0,0.0,0.0,0.0
2008-06-23,146697,1678.0,13.0,1.0,1.0,3.0,2.0,7.0,7.0,16.0,12.0
2008-06-23,73757,2923.0,25.0,1.0,3.0,2.0,4.0,0.0,0.0,0.0,0.0
2008-06-24,54737,3258.0,31.0,1.0,2.0,4.0,5.0,0.0,3.0,1.0,0.0
2008-06-25,129752,3508.0,4.0,1.0,1.0,4.0,0.0,1.0,8.0,0.0,0.0
2008-06-27,938787,2603.0,25.0,1.0,1.0,1.0,2.0,0.0,0.0,0.0,0.0
2008-06-27,65712,2523.0,25.0,,4.0,2.0,6.0,3.0,3.0,8.0,11.0
2008-06-27,1092302,,,,,0.0,0.0,0.0,0.0,0.0,0.0
2008-06-27,67282,2578.0,25.0,1.0,2.0,6.0,6.0,9.0,6.0,5.0,5.0
2008-06-27,65767,2713.0,25.0,1.0,3.0,0.0,3.0,3.0,1.0,3.0,2.0
2008-06-27,74162,2813.0,25.0,1.0,2.0,5.0,9.0,19.0,34.0,9.0,10.0
2008-06-27,71867,2578.0,25.0,1.0,4.0,7.0,3.0,11.0,29.0,46.0,24.0
2008-06-30,147717,2668.0,25.0,1.0,1.0,0.0,10.0,2.0,1.0,0.0,0.0
2008-01-07,72037,2713.0,25.0,1.0,2.0,7.0,11.0,9.0,6.0,7.0,0.0
2008-01-07,14547,653.0,7.0,,,0.0,2.0,0.0,0.0,0.0,0.0
2008-01-07,67282,2578.0,25.0,1.0,2.0,6.0,6.0,9.0,6.0,5.0,5.0
2008-07-07,877722,,,,,1.0,2.0,0.0,0.0,0.0,1.0
2008-07-07,10387,1038.0,1.0,1.0,3.0,3.0,5.0,2.0,10.0,29.0,2.0
2008-08-07,7947,3048.0,31.0,1.0,3.0,7.0,1.0,30.0,16.0,4.0,4.0
2008-08-07,79837,3048.0,31.0,1.0,4.0,0.0,0.0,0.0,0.0,0.0,0.0
2008-07-14,941662,2178.0,19.0,1.0,1.0,1.0,0.0,0.0,1.0,1.0,0.0
2008-07-14,778842,,,1.0,,0.0,2.0,1.0,1.0,0.0,0.0
2008-07-14,120397,3508.0,4.0,1.0,1.0,0.0,1.0,0.0,0.0,0.0,0.0
2008-07-14,135032,2298.0,46.0,,1.0,0.0,1.0,3.0,0.0,4.0,0.0
2008-07-14,87147,2548.0,25.0,1.0,2.0,1.0,2.0,5.0,4.0,7.0,1.0
2008-07-14,877722,,,,,2.0,2.0,0.0,0.0,0.0,1.0
2008-07-14,938657,2163.0,19.0,,,0.0,1.0,0.0,0.0,0.0,0.0
2008-07-14,979487,2163.0,19.0,,,0.0,1.0,0.0,0.0,0.0,0.0
2008-07-14,945737,2178.0,19.0,1.0,1.0,1.0,0.0,3.0,2.0,0.0,0.0
2008-07-14,909457,2153.0,19.0,1.0,1.0,1.0,0.0,0.0,1.0,0.0,0.0
2008-07-14,718607,2103.0,19.0,1.0,1.0,1.0,3.0,1.0,1.0,1.0,0.0
2008-07-14,923187,2678.0,25.0,1.0,1.0,3.0,2.0,0.0,0.0,0.0,0.0
2008-07-14,67647,2678.0,25.0,1.0,3.0,7.0,12.0,16.0,18.0,11.0,5.0
2008-07-14,916022,2298.0,46.0,1.0,1.0,1.0,0.0,0.0,0.0,0.0,0.0
2008-07-14,896767,,,1.0,,1.0,0.0,0.0,0.0,0.0,1.0
2008-07-14,936352,2628.0,25.0,1.0,1.0,1.0,1.0,0.0,0.0,0.0,0.0
2008-07-14,85862,2728.0,25.0,,2.0,9.0,18.0,0.0,5.0,21.0,7.0
2008-07-14,78967,2728.0,25.0,1.0,4.0,8.0,9.0,0.0,0.0,0.0,0.0
2008-07-14,127397,2713.0,25.0,,,0.0,5.0,1.0,1.0,2.0,0.0
2008-07-14,110517,2728.0,25.0,1.0,1.0,1.0,3.0,0.0,0.0,0.0,0.0
2008-07-14,8772,2763.0,25.0,,0.0,5.0,8.0,8.0,19.0,14.0,5.0
2008-07-14,933712,2533.0,25.0,1.0,1.0,0.0,1.0,0.0,0.0,0.0,0.0
2008-07-14,494247,,,,,0.0,0.0,0.0,0.0,1.0,0.0
2008-07-14,76022,2103.0,19.0,1.0,3.0,2.0,3.0,16.0,10.0,2.0,0.0
2008-07-14,744352,2103.0,19.0,,0.0,0.0,1.0,0.0,0.0,0.0,0.0
2008-07-14,138567,2883.0,25.0,1.0,1.0,1.0,3.0,0.0,1.0,3.0,0.0
2008-07-14,786607,,,1.0,,1.0,1.0,0.0,0.0,1.0,2.0
2008-07-14,889197,2713.0,25.0,1.0,1.0,1.0,4.0,5.0,1.0,2.0,2.0
2008-07-14,607102,3048.0,31.0,,,2.0,1.0,7.0,2.0,1.0,0.0
2008-07-15,78827,2498.0,25.0,1.0,4.0,4.0,3.0,8.0,17.0,10.0,2.0
2008-07-15,946327,3268.0,31.0,1.0,1.0,1.0,0.0,3.0,8.0,3.0,0.0
2008-07-15,36737,2253.0,19.0,,1.0,0.0,2.0,0.0,1.0,0.0,0.0
2008-07-15,15242,2533.0,25.0,1.0,1.0,1.0,1.0,0.0,0.0,0.0,0.0
2008-07-15,620592,2163.0,19.0,1.0,,0.0,1.0,0.0,0.0,0.0,0.0
2008-07-16,92307,2298.0,46.0,1.0,1.0,1.0,1.0,0.0,0.0,0.0,0.0
2008-07-16,752162,2298.0,46.0,1.0,1.0,0.0,1.0,0.0,0.0,1.0,0.0
2008-07-16,941662,2178.0,19.0,1.0,1.0,1.0,0.0,0.0,1.0,1.0,0.0
2008-07-16,945737,2178.0,19.0,1.0,1.0,1.0,1.0,3.0,2.0,0.0,0.0
2008-07-16,493697,2178.0,19.0,1.0,1.0,4.0,2.0,18.0,24.0,4.0,4.0
2008-07-20,7862,2523.0,25.0,1.0,2.0,1.0,3.0,4.0,8.0,10.0,8.0
2008-07-21,98212,2653.0,25.0,,4.0,4.0,4.0,10.0,7.0,3.0,0.0
2008-07-21,16987,2653.0,25.0,,3.0,4.0,2.0,72.0,28.0,6.0,4.0
2008-07-21,127447,2053.0,19.0,1.0,1.0,0.0,2.0,2.0,1.0,8.0,1.0
2008-07-21,889197,2713.0,25.0,1.0,1.0,1.0,5.0,5.0,1.0,2.0,2.0
2008-07-22,72432,3048.0,31.0,,0.0,1.0,2.0,18.0,1.0,5.0,1.0
2008-07-22,80412,3258.0,31.0,1.0,4.0,3.0,1.0,0.0,0.0,0.0,0.0
2008-07-22,72957,3048.0,31.0,1.0,4.0,3.0,2.0,38.0,6.0,19.0,43.0
2008-07-22,7947,3048.0,31.0,1.0,3.0,7.0,1.0,30.0,16.0,4.0,4.0
2008-07-22,41912,,31.0,1.0,2.0,2.0,4.0,4.0,14.0,3.0,1.0
2008-07-22,15162,3048.0,31.0,1.0,1.0,0.0,0.0,31.0,5.0,10.0,2.0
2008-07-22,89472,3048.0,31.0,1.0,1.0,9.0,1.0,21.0,3.0,4.0,0.0
2008-07-22,53202,3048.0,31.0,1.0,2.0,2.0,2.0,17.0,4.0,2.0,3.0
2008-07-22,92362,3048.0,31.0,1.0,1.0,3.0,0.0,13.0,3.0,7.0,7.0
2008-07-22,72467,3048.0,31.0,1.0,4.0,1.0,1.0,43.0,11.0,8.0,1.0
2008-07-22,85642,3258.0,,1.0,2.0,9.0,10.0,35.0,44.0,40.0,12.0
2008-07-22,74722,3048.0,31.0,1.0,3.0,2.0,0.0,24.0,9.0,11.0,3.0
2008-07-22,592,3028.0,31.0,1.0,3.0,2.0,2.0,4.0,38.0,11.0,2.0
2008-07-22,9857,2053.0,19.0,1.0,3.0,1.0,3.0,15.0,17.0,10.0,1.0
2008-07-22,66732,2053.0,19.0,1.0,3.0,2.0,2.0,0.0,0.0,0.0,0.0
2008-07-22,491012,,,,,0.0,0.0,13.0,3.0,0.0,0.0
2008-07-22,690307,2053.0,19.0,1.0,1.0,1.0,2.0,2.0,4.0,1.0,0.0
2008-07-22,908767,,,,,0.0,0.0,0.0,0.0,0.0,0.0
2008-07-22,688972,2053.0,19.0,1.0,1.0,0.0,1.0,0.0,0.0,0.0,0.0
2008-07-22,547,2053.0,19.0,1.0,3.0,0.0,0.0,11.0,34.0,4.0,1.0
2008-07-22,82892,2053.0,19.0,1.0,2.0,6.0,1.0,123.0,14.0,5.0,2.0
2008-07-22,75377,2053.0,19.0,1.0,4.0,11.0,4.0,31.0,19.0,25.0,25.0
2008-07-22,1797,2678.0,25.0,1.0,3.0,7.0,21.0,0.0,13.0,12.0,0.0
2008-07-22,57272,2053.0,19.0,1.0,1.0,4.0,2.0,0.0,0.0,0.0,0.0
2008-07-22,31967,2668.0,25.0,1.0,2.0,3.0,6.0,9.0,5.0,4.0,2.0
2008-07-22,9757,2668.0,25.0,1.0,3.0,0.0,1.0,14.0,14.0,9.0,4.0
2008-07-22,78992,,25.0,1.0,4.0,3.0,10.0,9.0,22.0,7.0,9.0
2008-07-22,809672,3268.0,31.0,1.0,1.0,0.0,0.0,0.0,0.0,0.0,0.0
2008-07-22,147222,3268.0,31.0,1.0,1.0,0.0,4.0,1.0,31.0,11.0,22.0
2008-07-22,64867,3268.0,31.0,1.0,4.0,5.0,4.0,7.0,39.0,11.0,6.0
2008-07-22,66487,3098.0,31.0,1.0,3.0,3.0,0.0,17.0,27.0,2.0,2.0
2008-07-24,63047,,,,,0.0,0.0,4.0,4.0,7.0,4.0
2008-07-24,22917,1033.0,1.0,1.0,2.0,0.0,1.0,0.0,0.0,0.0,0.0
2008-07-24,74877,1033.0,1.0,1.0,3.0,2.0,0.0,0.0,7.0,9.0,0.0
2008-07-24,74142,2103.0,19.0,1.0,2.0,2.0,5.0,2.0,1.0,7.0,0.0
2008-07-25,421337,2523.0,25.0,1.0,,0.0,3.0,0.0,0.0,4.0,3.0
2008-07-25,26962,1038.0,1.0,,0.0,0.0,1.0,0.0,2.0,1.0,0.0
2008-07-28,42107,2533.0,25.0,1.0,2.0,0.0,0.0,0.0,0.0,0.0,2.0
2008-07-28,720822,2533.0,25.0,1.0,1.0,0.0,3.0,0.0,0.0,0.0,0.0
2008-07-28,1737,2533.0,25.0,1.0,2.0,4.0,4.0,10.0,26.0,15.0,14.0
2008-07-28,18832,2768.0,25.0,,,1.0,4.0,17.0,30.0,12.0,3.0
2008-07-31,70362,,,,,0.0,0.0,0.0,12.0,3.0,1.0
2008-07-31,922527,,,,,0.0,0.0,0.0,0.0,0.0,0.0
2008-07-31,65977,1258.0,34.0,1.0,4.0,1.0,1.0,2.0,13.0,17.0,6.0
2008-07-31,87147,2548.0,25.0,1.0,2.0,1.0,2.0,5.0,4.0,7.0,1.0
2008-07-31,69812,2813.0,25.0,,2.0,5.0,11.0,0.0,0.0,0.0,0.0
2008-01-08,76022,2103.0,19.0,1.0,3.0,2.0,3.0,16.0,10.0,2.0,0.0
2008-01-08,91182,2103.0,19.0,1.0,1.0,0.0,0.0,0.0,0.0,0.0,0.0
2008-04-08,612,3123.0,31.0,1.0,3.0,1.0,3.0,10.0,9.0,5.0,0.0
2008-04-08,64342,528.0,7.0,1.0,4.0,0.0,3.0,0.0,2.0,3.0,0.0
2008-04-08,70452,653.0,7.0,,0.0,0.0,1.0,1.0,0.0,0.0,1.0
2008-04-08,74512,528.0,7.0,1.0,3.0,2.0,4.0,2.0,4.0,1.0,1.0
2008-04-08,75412,2103.0,19.0,1.0,4.0,1.0,5.0,1.0,5.0,3.0,2.0
2008-04-08,34737,2603.0,25.0,1.0,1.0,7.0,16.0,5.0,10.0,16.0,1.0
2008-04-08,35512,653.0,7.0,1.0,2.0,1.0,1.0,0.0,2.0,0.0,1.0
2008-04-08,139962,3098.0,31.0,1.0,1.0,1.0,5.0,1.0,0.0,2.0,0.0
2008-04-08,41912,3048.0,31.0,1.0,2.0,2.0,4.0,4.0,14.0,3.0,1.0
2008-04-08,1812,3048.0,31.0,1.0,3.0,3.0,2.0,0.0,0.0,0.0,0.0
2008-04-08,130642,2163.0,19.0,1.0,1.0,2.0,1.0,0.0,2.0,1.0,0.0
2008-04-08,718607,2103.0,19.0,1.0,1.0,1.0,3.0,1.0,1.0,1.0,0.0
2008-04-08,599267,1578.0,13.0,1.0,1.0,0.0,1.0,1.0,0.0,0.0,0.0
2008-04-08,90572,2163.0,19.0,1.0,1.0,0.0,4.0,0.0,1.0,0.0,0.0
2008-04-08,13682,1258.0,34.0,1.0,2.0,2.0,7.0,1.0,21.0,3.0,2.0
2008-04-08,81702,2558.0,25.0,1.0,4.0,1.0,2.0,2.0,1.0,4.0,2.0
2008-04-08,63547,2558.0,25.0,1.0,4.0,0.0,1.0,0.0,0.0,0.0,0.0
2008-04-08,123092,3028.0,31.0,1.0,1.0,0.0,3.0,16.0,8.0,3.0,3.0
2008-04-08,255582,2163.0,19.0,1.0,1.0,1.0,5.0,1.0,2.0,1.0,0.0
2008-04-08,5882,528.0,7.0,1.0,1.0,1.0,2.0,0.0,3.0,1.0,2.0
2008-04-08,54322,2923.0,25.0,,0.0,0.0,4.0,0.0,1.0,0.0,6.0
2008-04-08,73757,2923.0,25.0,1.0,3.0,2.0,4.0,0.0,0.0,0.0,0.0
2008-04-08,132222,3198.0,31.0,1.0,1.0,1.0,1.0,79.0,87.0,3.0,2.0
2008-04-08,8012,1098.0,1.0,1.0,3.0,2.0,7.0,1.0,2.0,4.0,2.0
2008-04-08,60517,1098.0,1.0,1.0,2.0,3.0,7.0,1.0,18.0,3.0,0.0
2008-04-08,23912,528.0,7.0,,,0.0,5.0,2.0,3.0,3.0,5.0
2008-04-08,15162,3048.0,31.0,1.0,1.0,0.0,0.0,31.0,5.0,10.0,2.0
2008-04-08,79977,3048.0,31.0,,4.0,1.0,1.0,0.0,0.0,0.0,0.0
2008-04-08,63452,828.0,7.0,1.0,4.0,1.0,3.0,0.0,7.0,14.0,0.0
2008-04-08,31672,2163.0,19.0,1.0,2.0,2.0,2.0,1.0,2.0,1.0,2.0
2008-04-08,86212,2163.0,19.0,,0.0,2.0,3.0,0.0,0.0,0.0,0.0
2008-04-08,612312,,,,,0.0,0.0,0.0,0.0,0.0,0.0
2008-04-08,33247,803.0,7.0,1.0,2.0,1.0,1.0,0.0,0.0,0.0,0.0
2008-04-08,704062,828.0,7.0,1.0,1.0,0.0,2.0,0.0,1.0,1.0,0.0
2008-04-08,82092,828.0,7.0,,1.0,0.0,3.0,0.0,2.0,5.0,7.0
2008-04-08,15532,,,,,0.0,0.0,2.0,8.0,11.0,2.0
2008-04-08,39832,2523.0,25.0,,2.0,0.0,0.0,0.0,0.0,0.0,0.0
2008-04-08,63562,2523.0,25.0,,1.0,3.0,3.0,0.0,7.0,13.0,8.0
2008-04-08,11282,803.0,7.0,,0.0,0.0,3.0,0.0,4.0,3.0,0.0
2008-04-08,147502,2253.0,19.0,1.0,1.0,2.0,8.0,0.0,7.0,7.0,2.0
2008-04-08,8867,3123.0,31.0,1.0,4.0,0.0,0.0,1.0,14.0,11.0,1.0
2008-04-08,522,3123.0,31.0,1.0,3.0,0.0,2.0,1.0,4.0,1.0,4.0
2008-04-08,26877,3123.0,31.0,,2.0,0.0,1.0,1.0,4.0,5.0,4.0
2008-04-08,44782,593.0,7.0,,1.0,0.0,2.0,0.0,1.0,1.0,2.0
2008-04-08,55677,1098.0,1.0,1.0,2.0,0.0,2.0,0.0,0.0,0.0,0.0
2008-04-08,19857,1098.0,1.0,,0.0,1.0,0.0,1.0,0.0,0.0,0.0
2008-04-08,938657,2163.0,19.0,,,0.0,1.0,0.0,0.0,0.0,0.0
2008-04-08,132957,2853.0,25.0,,1.0,0.0,3.0,2.0,1.0,2.0,0.0
2008-04-08,126907,,,,,0.0,0.0,0.0,0.0,0.0,0.0
2008-04-08,76807,653.0,7.0,,0.0,0.0,1.0,2.0,1.0,1.0,3.0
2008-04-08,137542,3508.0,4.0,1.0,1.0,0.0,1.0,5.0,10.0,4.0,0.0
2008-04-08,11907,1038.0,1.0,1.0,3.0,0.0,1.0,0.0,3.0,0.0,1.0
2008-04-08,315992,,,,,1.0,1.0,0.0,1.0,2.0,1.0
2008-04-08,81642,2558.0,25.0,1.0,4.0,0.0,2.0,2.0,6.0,5.0,0.0
2008-04-08,134562,,,,,0.0,0.0,0.0,0.0,0.0,0.0
2008-04-08,77922,548.0,7.0,1.0,3.0,0.0,1.0,1.0,1.0,1.0,0.0
2008-04-08,79712,3943.0,31.0,1.0,4.0,2.0,2.0,25.0,37.0,12.0,6.0
2008-04-08,5852,1253.0,34.0,1.0,2.0,1.0,1.0,0.0,1.0,0.0,0.0
2008-04-08,82512,2153.0,19.0,1.0,4.0,3.0,7.0,8.0,10.0,5.0,5.0
2008-04-08,681742,2153.0,19.0,1.0,1.0,2.0,0.0,0.0,0.0,0.0,0.0
2008-04-08,67097,653.0,7.0,1.0,4.0,1.0,3.0,1.0,4.0,0.0,0.0
2008-04-08,72722,2103.0,19.0,1.0,4.0,0.0,1.0,3.0,2.0,3.0,4.0
2008-04-08,500332,3508.0,4.0,1.0,1.0,2.0,8.0,0.0,0.0,0.0,0.0
2008-04-08,107987,3508.0,4.0,1.0,1.0,0.0,5.0,1.0,0.0,0.0,0.0
2008-04-08,763997,3508.0,4.0,1.0,1.0,1.0,0.0,1.0,2.0,1.0,1.0
2008-04-08,28412,2163.0,19.0,1.0,2.0,0.0,4.0,4.0,3.0,2.0,1.0
2008-04-08,18757,548.0,7.0,1.0,2.0,0.0,0.0,0.0,0.0,2.0,2.0
2008-04-08,66532,548.0,7.0,,,0.0,1.0,0.0,0.0,0.0,0.0
2008-04-08,67412,548.0,7.0,1.0,4.0,0.0,5.0,0.0,2.0,1.0,0.0
2008-04-08,135027,528.0,7.0,1.0,1.0,1.0,2.0,0.0,0.0,5.0,0.0
2008-04-08,10472,528.0,7.0,1.0,1.0,0.0,2.0,0.0,0.0,0.0,0.0
2008-04-08,3687,653.0,7.0,,0.0,0.0,0.0,2.0,5.0,1.0,0.0
2008-04-08,697707,593.0,7.0,1.0,1.0,1.0,1.0,0.0,0.0,3.0,0.0
2008-04-08,398112,528.0,7.0,1.0,1.0,1.0,2.0,0.0,0.0,4.0,1.0
2008-04-08,63437,828.0,7.0,,1.0,0.0,2.0,0.0,1.0,2.0,0.0
2008-04-08,26882,2523.0,25.0,1.0,2.0,2.0,1.0,0.0,0.0,0.0,0.0
2008-04-08,69712,1033.0,1.0,,0.0,2.0,1.0,3.0,2.0,1.0,1.0
2008-04-08,62967,528.0,7.0,,0.0,0.0,2.0,2.0,9.0,5.0,1.0
2008-04-08,66482,528.0,7.0,1.0,2.0,1.0,0.0,0.0,0.0,0.0,0.0
2008-04-08,49762,,,,,0.0,0.0,0.0,0.0,1.0,0.0
2008-04-08,987,528.0,7.0,1.0,3.0,1.0,0.0,0.0,12.0,12.0,1.0
2008-04-08,82442,,7.0,1.0,4.0,0.0,1.0,0.0,3.0,3.0,2.0
2008-04-08,63462,528.0,7.0,1.0,2.0,1.0,2.0,0.0,0.0,0.0,0.0
2008-04-08,101532,2538.0,25.0,,1.0,3.0,8.0,2.0,8.0,7.0,1.0
2008-04-08,131432,2653.0,25.0,1.0,1.0,1.0,4.0,5.0,7.0,11.0,1.0
2008-04-08,593492,2538.0,25.0,1.0,1.0,1.0,5.0,0.0,0.0,0.0,0.0
2008-04-08,928167,2538.0,25.0,,1.0,0.0,1.0,0.0,0.0,0.0,0.0
2008-04-08,25207,3708.0,10.0,1.0,1.0,2.0,4.0,0.0,4.0,6.0,5.0
2008-04-08,4992,2853.0,25.0,1.0,3.0,0.0,1.0,0.0,0.0,0.0,0.0
2008-04-08,897272,2558.0,25.0,1.0,1.0,0.0,1.0,1.0,2.0,0.0,0.0
2008-04-08,34182,2558.0,25.0,1.0,2.0,1.0,0.0,0.0,0.0,0.0,0.0
2008-04-08,77457,2558.0,25.0,1.0,2.0,2.0,1.0,20.0,12.0,19.0,10.0
2008-04-08,1012,3123.0,31.0,1.0,2.0,3.0,2.0,13.0,2.0,15.0,0.0
2008-04-08,80197,3123.0,31.0,1.0,2.0,3.0,7.0,0.0,0.0,0.0,0.0
2008-07-08,95677,1038.0,1.0,,,0.0,0.0,0.0,0.0,0.0,0.0
2008-08-08,123547,2533.0,25.0,1.0,1.0,1.0,2.0,0.0,2.0,0.0,0.0
2008-08-08,65387,2558.0,25.0,1.0,3.0,1.0,6.0,0.0,0.0,0.0,0.0
2008-08-08,178022,2523.0,25.0,1.0,1.0,1.0,3.0,3.0,2.0,4.0,4.0
2008-08-08,17367,2523.0,25.0,1.0,2.0,4.0,7.0,8.0,5.0,15.0,6.0
2008-08-08,755517,2538.0,25.0,1.0,1.0,2.0,6.0,3.0,2.0,1.0,2.0
2008-08-08,813567,2533.0,25.0,1.0,1.0,1.0,2.0,1.0,3.0,2.0,3.0
2008-08-08,9217,2533.0,25.0,1.0,4.0,0.0,0.0,0.0,0.0,0.0,0.0
2008-08-08,9412,2558.0,25.0,1.0,3.0,0.0,3.0,10.0,22.0,6.0,5.0
2008-08-08,79247,2768.0,25.0,,4.0,0.0,0.0,0.0,0.0,0.0,0.0
2008-08-08,907227,2533.0,25.0,,1.0,0.0,1.0,1.0,0.0,0.0,1.0
2008-08-08,32467,2533.0,25.0,1.0,1.0,0.0,0.0,0.0,0.0,0.0,0.0
2008-08-08,18832,2768.0,25.0,,,1.0,6.0,17.0,30.0,12.0,3.0
2008-08-08,1737,2533.0,25.0,1.0,2.0,4.0,4.0,10.0,26.0,15.0,14.0
2008-08-15,66887,2813.0,25.0,,0.0,6.0,16.0,0.0,9.0,2.0,0.0
2008-08-15,636757,2578.0,25.0,1.0,1.0,2.0,5.0,0.0,1.0,3.0,1.0
2008-08-18,1090867,2853.0,25.0,,1.0,1.0,0.0,0.0,2.0,0.0,0.0
2008-08-18,309397,,,,,0.0,0.0,0.0,0.0,0.0,0.0
2008-08-21,64662,2103.0,19.0,1.0,4.0,0.0,1.0,0.0,2.0,1.0,2.0
2008-08-21,44252,2813.0,25.0,1.0,2.0,5.0,4.0,5.0,4.0,2.0,0.0
2008-08-25,82172,3073.0,31.0,1.0,1.0,2.0,1.0,0.0,1.0,2.0,1.0
2008-08-25,874207,998.0,1.0,1.0,1.0,0.0,1.0,0.0,0.0,0.0,0.0
2008-08-26,82502,2603.0,25.0,,2.0,6.0,3.0,2.0,3.0,1.0,0.0
2008-08-27,808267,2178.0,19.0,,0.0,3.0,1.0,4.0,8.0,0.0,1.0
2008-08-27,22847,2053.0,19.0,1.0,2.0,10.0,2.0,10.0,6.0,5.0,0.0
2008-08-27,778202,,,,,0.0,0.0,0.0,0.0,0.0,0.0
2008-08-27,18377,2923.0,25.0,1.0,2.0,3.0,4.0,5.0,1.0,9.0,2.0
2008-08-27,48497,,,,,0.0,0.0,0.0,0.0,0.0,0.0
2008-08-27,766222,978.0,25.0,1.0,1.0,6.0,0.0,2.0,6.0,6.0,2.0
2008-08-27,22097,2848.0,25.0,,0.0,1.0,2.0,0.0,0.0,0.0,0.0
2008-08-29,105342,2678.0,25.0,1.0,1.0,5.0,7.0,4.0,6.0,9.0,3.0
2008-08-29,888697,2678.0,25.0,1.0,1.0,1.0,3.0,0.0,0.0,0.0,0.0
2008-01-09,74162,2813.0,25.0,1.0,2.0,5.0,9.0,19.0,34.0,9.0,10.0
2008-01-09,44252,2813.0,25.0,1.0,2.0,4.0,3.0,5.0,4.0,2.0,0.0
2008-01-09,74957,2543.0,25.0,1.0,3.0,1.0,0.0,1.0,1.0,4.0,2.0
2008-01-09,357812,2298.0,46.0,1.0,1.0,0.0,1.0,0.0,0.0,0.0,0.0
2008-01-09,77817,4203.0,58.0,1.0,2.0,0.0,0.0,8.0,3.0,2.0,0.0
2008-02-09,73422,2713.0,25.0,1.0,3.0,3.0,4.0,9.0,12.0,9.0,8.0
2008-02-09,652292,,,,,0.0,0.0,0.0,0.0,1.0,0.0
2008-03-09,82962,2628.0,25.0,,1.0,1.0,0.0,1.0,2.0,0.0,2.0
2008-03-09,7452,2628.0,25.0,,2.0,6.0,11.0,0.0,0.0,0.0,0.0
2008-03-09,73352,2813.0,25.0,,4.0,0.0,0.0,8.0,10.0,11.0,6.0
2008-04-09,20202,2668.0,25.0,1.0,1.0,1.0,5.0,0.0,0.0,11.0,17.0
2008-04-09,979492,2538.0,25.0,1.0,1.0,1.0,0.0,0.0,0.0,0.0,0.0
2008-05-09,755517,2538.0,25.0,1.0,1.0,2.0,6.0,3.0,2.0,1.0,2.0
2008-08-09,738222,2523.0,25.0,1.0,0.0,0.0,2.0,0.0,1.0,2.0,1.0
2008-08-09,301472,2533.0,25.0,1.0,1.0,8.0,5.0,0.0,0.0,0.0,0.0
2008-08-09,65712,2523.0,25.0,,4.0,3.0,6.0,3.0,3.0,8.0,11.0
2008-08-09,79142,2763.0,25.0,1.0,4.0,2.0,6.0,13.0,19.0,8.0,0.0
2008-08-09,672142,2763.0,25.0,,0.0,0.0,1.0,0.0,0.0,0.0,0.0
2008-09-09,790507,2923.0,25.0,,1.0,0.0,2.0,1.0,3.0,1.0,3.0
2008-09-09,381382,2923.0,25.0,1.0,1.0,1.0,2.0,0.0,0.0,3.0,3.0
2008-09-09,79652,2498.0,25.0,1.0,4.0,0.0,4.0,2.0,3.0,9.0,7.0
2008-10-09,105342,2678.0,25.0,1.0,1.0,5.0,7.0,4.0,6.0,9.0,3.0
2008-10-09,82567,2678.0,25.0,1.0,4.0,2.0,4.0,0.0,0.0,0.0,0.0
2008-10-09,14782,2768.0,25.0,1.0,3.0,0.0,1.0,0.0,5.0,10.0,9.0
2008-10-09,73612,2768.0,25.0,1.0,4.0,1.0,5.0,0.0,0.0,0.0,0.0
2008-10-09,9502,978.0,25.0,1.0,3.0,3.0,4.0,0.0,1.0,1.0,8.0
2008-10-09,982227,,,,,0.0,0.0,0.0,0.0,0.0,0.0
2008-10-09,498427,2668.0,25.0,1.0,1.0,3.0,12.0,3.0,9.0,8.0,0.0
2008-10-09,55437,2668.0,25.0,1.0,1.0,3.0,11.0,5.0,6.0,3.0,1.0
2008-10-09,28607,2763.0,25.0,1.0,2.0,4.0,4.0,6.0,25.0,14.0,14.0
2008-11-09,66092,1033.0,1.0,1.0,3.0,1.0,4.0,5.0,14.0,4.0,8.0
2008-11-09,284367,2653.0,25.0,,1.0,0.0,2.0,0.0,0.0,0.0,0.0
2008-09-15,66887,2813.0,25.0,,0.0,6.0,17.0,0.0,9.0,2.0,0.0
2008-09-15,66092,1033.0,1.0,1.0,3.0,1.0,4.0,5.0,14.0,4.0,8.0
2008-09-15,20782,1033.0,1.0,,,0.0,1.0,0.0,0.0,0.0,0.0
2008-09-15,73402,3268.0,31.0,1.0,3.0,5.0,9.0,4.0,13.0,5.0,1.0
2008-09-15,741582,2763.0,25.0,1.0,1.0,2.0,6.0,0.0,0.0,0.0,0.0
2008-09-15,35602,2653.0,25.0,1.0,2.0,4.0,3.0,17.0,14.0,11.0,9.0
2008-09-15,537,2653.0,25.0,1.0,3.0,4.0,4.0,0.0,0.0,0.0,0.0
2008-09-15,14512,2653.0,25.0,1.0,1.0,0.0,1.0,0.0,2.0,0.0,0.0
2008-09-15,36862,2653.0,25.0,,2.0,1.0,0.0,7.0,5.0,2.0,2.0
2008-09-18,63047,,,,,0.0,0.0,4.0,4.0,7.0,4.0
2008-09-18,68437,2103.0,19.0,1.0,4.0,0.0,2.0,0.0,0.0,0.0,0.0
2008-09-18,7842,1033.0,1.0,1.0,3.0,2.0,1.0,0.0,4.0,2.0,4.0
2008-09-18,44352,1033.0,1.0,1.0,2.0,0.0,0.0,1.0,4.0,7.0,7.0
2008-09-18,64657,,1.0,,1.0,0.0,2.0,2.0,4.0,5.0,3.0
2008-09-19,8732,2713.0,25.0,1.0,3.0,3.0,7.0,2.0,5.0,2.0,0.0
2008-09-22,80187,3123.0,31.0,,0.0,4.0,1.0,7.0,15.0,29.0,5.0
2008-09-22,945297,2778.0,25.0,1.0,1.0,1.0,3.0,0.0,0.0,1.0,1.0
2008-09-22,805262,2778.0,25.0,,1.0,0.0,2.0,0.0,4.0,3.0,1.0
2008-09-22,28607,2763.0,25.0,1.0,2.0,4.0,4.0,6.0,25.0,14.0,14.0
2008-09-22,15777,2778.0,25.0,1.0,3.0,0.0,0.0,3.0,4.0,68.0,38.0
2008-09-22,24017,2603.0,25.0,1.0,2.0,4.0,2.0,8.0,3.0,9.0,0.0
2008-09-22,1407,2543.0,25.0,,3.0,0.0,1.0,0.0,0.0,2.0,3.0
2008-09-23,40937,2853.0,25.0,1.0,2.0,0.0,1.0,10.0,11.0,0.0,16.0
2008-09-23,69262,2653.0,25.0,1.0,3.0,2.0,0.0,8.0,14.0,9.0,10.0
2008-09-23,87917,2653.0,25.0,1.0,2.0,3.0,2.0,0.0,0.0,0.0,0.0
2008-09-24,74512,528.0,7.0,1.0,3.0,3.0,4.0,2.0,4.0,1.0,1.0
2008-09-24,80942,3708.0,10.0,1.0,4.0,3.0,0.0,0.0,1.0,5.0,3.0
2008-09-24,8772,2763.0,25.0,,0.0,5.0,8.0,8.0,19.0,14.0,5.0
2008-09-24,115217,2763.0,25.0,1.0,1.0,2.0,2.0,0.0,0.0,0.0,0.0
2008-09-26,7947,3048.0,31.0,1.0,3.0,7.0,2.0,30.0,16.0,4.0,4.0
2008-09-26,90602,1038.0,1.0,1.0,1.0,3.0,1.0,0.0,1.0,0.0,3.0
2008-09-26,910377,1038.0,1.0,,1.0,0.0,0.0,0.0,0.0,0.0,0.0
2008-09-29,860357,1258.0,34.0,1.0,1.0,1.0,2.0,4.0,23.0,6.0,0.0
2008-09-29,63232,653.0,7.0,1.0,3.0,2.0,1.0,2.0,14.0,18.0,1.0
2008-09-30,85642,3258.0,31.0,1.0,2.0,10.0,11.0,35.0,44.0,40.0,12.0
2008-09-30,308557,2538.0,25.0,,,3.0,1.0,2.0,3.0,0.0,0.0
2008-01-10,54737,3258.0,31.0,1.0,2.0,4.0,5.0,0.0,3.0,1.0,0.0
2008-02-10,574367,2568.0,25.0,1.0,1.0,0.0,6.0,1.0,1.0,4.0,3.0
2008-02-10,836667,2568.0,25.0,,,1.0,3.0,0.0,0.0,0.0,0.0
2008-02-10,692407,2568.0,25.0,,1.0,1.0,1.0,0.0,0.0,0.0,0.0
2008-02-10,21132,2568.0,25.0,1.0,2.0,2.0,0.0,22.0,25.0,11.0,15.0
2008-03-10,47517,2533.0,25.0,,,1.0,1.0,3.0,17.0,9.0,9.0
2008-03-10,95862,2533.0,25.0,,,1.0,2.0,0.0,0.0,0.0,0.0
2008-03-10,89127,2533.0,25.0,1.0,2.0,0.0,0.0,0.0,8.0,10.0,10.0
2008-06-10,500382,3658.0,22.0,1.0,1.0,3.0,0.0,8.0,4.0,0.0,0.0
2008-06-10,74697,828.0,7.0,1.0,3.0,2.0,0.0,1.0,10.0,2.0,6.0
2008-06-10,22322,3508.0,4.0,1.0,2.0,0.0,3.0,0.0,1.0,1.0,2.0
2008-06-10,66007,3268.0,31.0,1.0,4.0,2.0,0.0,2.0,26.0,13.0,2.0
2008-07-10,20202,2668.0,25.0,1.0,1.0,1.0,6.0,0.0,0.0,11.0,17.0
2008-07-10,140417,2668.0,25.0,1.0,0.0,0.0,3.0,0.0,0.0,0.0,0.0
2008-07-10,641022,2763.0,25.0,1.0,1.0,1.0,8.0,0.0,5.0,1.0,0.0
2008-07-10,55437,2668.0,25.0,1.0,1.0,3.0,11.0,5.0,6.0,3.0,1.0
2008-07-10,76237,2923.0,25.0,1.0,3.0,4.0,7.0,3.0,6.0,10.0,2.0
2008-07-10,54322,2923.0,25.0,,0.0,1.0,4.0,0.0,1.0,0.0,6.0
2008-07-10,73757,2923.0,25.0,1.0,3.0,3.0,5.0,6.0,6.0,18.0,8.0
2008-07-10,53027,2628.0,25.0,1.0,2.0,1.0,1.0,11.0,3.0,0.0,0.0
2008-07-10,14777,2628.0,25.0,1.0,2.0,3.0,2.0,10.0,8.0,5.0,4.0
2008-07-10,67842,2653.0,25.0,1.0,2.0,4.0,16.0,14.0,49.0,19.0,5.0
2008-07-10,140442,2763.0,25.0,1.0,1.0,0.0,2.0,0.0,0.0,0.0,0.0
2008-07-10,79192,2523.0,25.0,1.0,4.0,8.0,15.0,60.0,95.0,38.0,10.0
2008-07-10,964907,,,,,0.0,0.0,0.0,0.0,0.0,0.0
2008-07-10,64842,2538.0,25.0,1.0,1.0,7.0,2.0,0.0,0.0,0.0,0.0
2008-07-10,67882,2628.0,25.0,,3.0,0.0,1.0,2.0,0.0,0.0,0.0
2008-07-10,110472,2973.0,25.0,,1.0,0.0,3.0,2.0,15.0,8.0,14.0
2008-07-10,90747,2973.0,25.0,1.0,1.0,0.0,0.0,0.0,0.0,0.0,0.0
2008-07-10,64277,2973.0,25.0,1.0,4.0,0.0,1.0,25.0,16.0,12.0,6.0
2008-07-10,36252,2973.0,25.0,1.0,2.0,3.0,24.0,4.0,38.0,15.0,42.0
2008-07-10,918577,3198.0,31.0,,1.0,0.0,1.0,0.0,0.0,0.0,0.0
2008-07-10,98212,2653.0,25.0,,4.0,4.0,4.0,10.0,7.0,3.0,0.0
2008-07-10,78817,2713.0,25.0,1.0,4.0,5.0,10.0,10.0,17.0,11.0,4.0
2008-07-10,1136582,2498.0,25.0,,,0.0,1.0,0.0,0.0,0.0,0.0
2008-07-10,68382,2893.0,25.0,,2.0,0.0,1.0,0.0,4.0,5.0,1.0
2008-07-10,112582,,,,,0.0,0.0,0.0,0.0,0.0,0.0
2008-07-10,79612,,,,,0.0,0.0,1.0,24.0,43.0,26.0
2008-07-10,488762,2538.0,25.0,1.0,1.0,2.0,0.0,4.0,0.0,7.0,0.0
2008-07-10,4222,2768.0,25.0,,3.0,0.0,7.0,17.0,26.0,18.0,12.0
2008-07-10,557,2813.0,25.0,,0.0,1.0,1.0,3.0,14.0,8.0,9.0
2008-07-10,73087,2773.0,25.0,1.0,2.0,0.0,0.0,17.0,7.0,4.0,5.0
2008-07-10,73402,3268.0,31.0,1.0,3.0,5.0,9.0,4.0,13.0,5.0,1.0
2008-07-10,23312,,,,,0.0,0.0,0.0,0.0,0.0,0.0
2008-07-10,72317,2678.0,25.0,1.0,4.0,3.0,3.0,7.0,13.0,5.0,1.0
2008-07-10,3362,2603.0,25.0,1.0,2.0,3.0,3.0,8.0,11.0,3.0,3.0
2008-07-10,910772,2603.0,25.0,1.0,1.0,1.0,1.0,0.0,0.0,0.0,0.0
2008-07-10,40697,1258.0,34.0,1.0,2.0,1.0,0.0,3.0,3.0,4.0,0.0
2008-07-10,10662,1258.0,34.0,1.0,3.0,2.0,4.0,2.0,4.0,9.0,0.0
2008-07-10,497907,2578.0,25.0,1.0,1.0,1.0,4.0,3.0,1.0,1.0,0.0
2008-07-10,106357,2668.0,25.0,,1.0,3.0,5.0,0.0,0.0,0.0,0.0
2008-07-10,73942,2728.0,25.0,1.0,3.0,4.0,2.0,9.0,18.0,7.0,5.0
2008-07-10,78827,2498.0,25.0,1.0,4.0,4.0,3.0,8.0,17.0,10.0,2.0
2008-07-10,655457,2628.0,25.0,1.0,1.0,2.0,6.0,2.0,5.0,4.0,0.0
2008-07-10,7362,2628.0,25.0,1.0,3.0,4.0,4.0,0.0,0.0,0.0,0.0
2008-07-10,87147,2548.0,25.0,1.0,2.0,1.0,2.0,5.0,4.0,7.0,1.0
2008-07-10,132927,2523.0,25.0,1.0,1.0,2.0,3.0,6.0,12.0,2.0,1.0
2008-07-10,78562,2628.0,25.0,1.0,4.0,5.0,1.0,0.0,0.0,0.0,0.0
2008-07-10,66192,2523.0,25.0,1.0,4.0,0.0,0.0,2.0,27.0,12.0,8.0
2008-07-10,78992,2763.0,25.0,1.0,4.0,3.0,10.0,9.0,22.0,7.0,9.0
2008-07-10,71867,2578.0,25.0,1.0,4.0,9.0,5.0,11.0,29.0,46.0,24.0
2008-07-10,868722,,,1.0,,2.0,4.0,4.0,10.0,9.0,1.0
2008-07-10,906612,2603.0,25.0,1.0,1.0,2.0,3.0,0.0,0.0,0.0,0.0
2008-07-10,284367,2653.0,25.0,,1.0,0.0,2.0,0.0,0.0,0.0,0.0
2008-07-10,298802,,,,,0.0,0.0,0.0,0.0,0.0,0.0
2008-07-10,3692,2828.0,25.0,,0.0,6.0,3.0,0.0,0.0,0.0,0.0
2008-07-10,604692,2178.0,19.0,,,1.0,0.0,0.0,0.0,1.0,2.0
2008-07-10,25217,2563.0,25.0,1.0,2.0,3.0,5.0,16.0,14.0,7.0,2.0
2008-07-10,29562,2563.0,25.0,1.0,1.0,0.0,1.0,4.0,9.0,7.0,2.0
2008-07-10,493697,2178.0,19.0,1.0,1.0,4.0,2.0,18.0,24.0,4.0,4.0
2008-07-10,498427,2668.0,25.0,1.0,1.0,3.0,12.0,3.0,9.0,8.0,0.0
2008-07-10,74832,2768.0,25.0,,2.0,0.0,6.0,0.0,2.0,5.0,3.0
2008-07-10,7482,2768.0,25.0,,3.0,0.0,2.0,0.0,0.0,0.0,0.0
2008-07-10,7512,2538.0,25.0,1.0,0.0,0.0,5.0,1.0,5.0,2.0,1.0
2008-07-10,366782,3123.0,31.0,1.0,1.0,2.0,1.0,2.0,3.0,1.0,0.0
2008-07-10,77067,2668.0,25.0,1.0,2.0,2.0,4.0,8.0,5.0,7.0,0.0
2008-07-10,31967,2668.0,25.0,1.0,2.0,3.0,6.0,0.0,0.0,0.0,0.0
2008-07-10,15472,,,,,0.0,0.0,5.0,10.0,25.0,8.0
2008-07-10,712437,2103.0,19.0,1.0,1.0,1.0,4.0,0.0,0.0,0.0,0.0
2008-07-10,73017,2103.0,19.0,1.0,4.0,2.0,8.0,0.0,0.0,0.0,0.0
2008-07-10,47517,2533.0,25.0,,,1.0,1.0,3.0,17.0,9.0,9.0
2008-07-10,67537,2713.0,25.0,,4.0,0.0,0.0,2.0,6.0,1.0,8.0
2008-07-10,399777,,,,,0.0,0.0,0.0,0.0,0.0,0.0
2008-07-10,110437,2653.0,25.0,1.0,1.0,0.0,2.0,1.0,1.0,0.0,0.0
2008-07-10,120047,2713.0,25.0,,1.0,1.0,1.0,0.0,3.0,1.0,1.0
2008-07-10,22077,3273.0,31.0,,0.0,1.0,1.0,12.0,3.0,3.0,1.0
2008-07-10,31972,3273.0,31.0,,1.0,2.0,1.0,0.0,0.0,0.0,0.0
2008-07-10,9342,,,,,0.0,0.0,0.0,0.0,0.0,0.0
2008-07-10,17342,2828.0,25.0,1.0,2.0,3.0,25.0,13.0,30.0,26.0,8.0
2008-07-10,51502,2713.0,25.0,1.0,1.0,1.0,1.0,4.0,7.0,0.0,1.0
2008-07-10,608447,2178.0,19.0,,1.0,4.0,1.0,0.0,0.0,0.0,0.0
2008-07-10,79022,2713.0,25.0,,4.0,4.0,11.0,36.0,48.0,10.0,4.0
2008-07-10,805262,2778.0,25.0,,1.0,0.0,2.0,0.0,4.0,3.0,1.0
2008-07-10,107862,2713.0,25.0,,1.0,4.0,8.0,1.0,1.0,5.0,0.0
2008-07-10,76432,2653.0,25.0,,2.0,4.0,1.0,29.0,21.0,11.0,8.0
2008-07-10,971367,2763.0,25.0,,1.0,1.0,1.0,6.0,4.0,1.0,1.0
2008-07-10,950172,,,,,0.0,0.0,0.0,0.0,0.0,0.0
2008-07-10,4102,2948.0,25.0,1.0,4.0,1.0,8.0,9.0,16.0,11.0,4.0
2008-07-10,147222,3268.0,31.0,1.0,1.0,0.0,4.0,1.0,31.0,11.0,22.0
2008-07-10,659757,2668.0,25.0,1.0,1.0,2.0,6.0,11.0,3.0,1.0,0.0
2008-07-10,407,2713.0,25.0,,3.0,1.0,4.0,6.0,3.0,6.0,2.0
2008-07-10,68732,2523.0,25.0,1.0,1.0,0.0,2.0,0.0,2.0,1.0,0.0
2008-07-10,107602,2523.0,25.0,1.0,1.0,0.0,1.0,0.0,0.0,0.0,0.0
2008-07-10,84587,2668.0,25.0,,,2.0,1.0,9.0,4.0,2.0,1.0
2008-07-10,19082,2563.0,25.0,1.0,2.0,1.0,4.0,8.0,5.0,3.0,1.0
2008-07-10,359677,3258.0,31.0,,,0.0,6.0,1.0,0.0,1.0,0.0
2008-07-10,20722,2853.0,25.0,1.0,1.0,0.0,1.0,3.0,8.0,6.0,5.0
2008-07-10,593217,3658.0,22.0,1.0,1.0,1.0,3.0,27.0,28.0,7.0,4.0
2008-07-10,75747,2668.0,25.0,1.0,2.0,1.0,2.0,2.0,2.0,2.0,1.0
2008-07-10,78762,2668.0,25.0,1.0,2.0,4.0,8.0,0.0,0.0,0.0,0.0
2008-07-10,17367,2523.0,25.0,1.0,2.0,4.0,7.0,8.0,5.0,15.0,6.0
2008-07-10,649042,2523.0,25.0,1.0,1.0,4.0,3.0,0.0,0.0,0.0,0.0
2008-07-10,144177,2523.0,25.0,1.0,1.0,2.0,1.0,10.0,12.0,12.0,12.0
2008-07-10,17617,2563.0,25.0,1.0,2.0,0.0,0.0,0.0,0.0,0.0,0.0
2008-07-10,67037,2563.0,25.0,1.0,4.0,7.0,19.0,6.0,6.0,22.0,7.0
2008-07-10,925237,,,1.0,,0.0,1.0,0.0,9.0,0.0,2.0
2008-07-10,44252,2813.0,25.0,1.0,2.0,5.0,4.0,5.0,4.0,2.0,0.0
2008-07-10,66782,2813.0,25.0,,1.0,0.0,3.0,0.0,0.0,0.0,0.0
2008-07-10,68502,2538.0,25.0,,3.0,2.0,0.0,16.0,11.0,4.0,2.0
2008-07-10,34737,2603.0,25.0,1.0,1.0,7.0,18.0,5.0,10.0,16.0,1.0
2008-07-10,100772,2728.0,25.0,1.0,2.0,0.0,0.0,6.0,3.0,3.0,0.0
2008-07-10,78967,2728.0,25.0,1.0,4.0,8.0,9.0,0.0,0.0,0.0,0.0
2008-07-10,110517,2728.0,25.0,1.0,1.0,1.0,3.0,0.0,0.0,0.0,0.0
2008-07-10,28832,2728.0,25.0,,0.0,0.0,0.0,0.0,0.0,0.0,0.0
2008-07-10,143357,2728.0,25.0,1.0,1.0,2.0,3.0,0.0,1.0,18.0,1.0
2008-07-10,886577,,,,,0.0,0.0,0.0,0.0,0.0,0.0
2008-07-10,85862,,25.0,,2.0,9.0,18.0,0.0,5.0,21.0,7.0
2008-07-10,9107,2523.0,25.0,1.0,2.0,5.0,1.0,3.0,8.0,21.0,15.0
2008-07-10,636257,2678.0,25.0,,0.0,3.0,7.0,3.0,2.0,1.0,2.0
2008-07-10,67647,2678.0,25.0,1.0,3.0,7.0,12.0,16.0,18.0,11.0,5.0
2008-07-10,78887,2678.0,25.0,1.0,2.0,1.0,6.0,20.0,12.0,4.0,1.0
2008-07-10,43322,2548.0,25.0,1.0,2.0,0.0,1.0,0.0,1.0,3.0,2.0
2008-07-10,16137,2653.0,25.0,,3.0,5.0,18.0,6.0,6.0,2.0,0.0
2008-07-10,32822,2563.0,25.0,1.0,2.0,2.0,1.0,0.0,0.0,0.0,0.0
2008-07-10,2712,2563.0,25.0,1.0,3.0,3.0,11.0,23.0,46.0,39.0,24.0
2008-07-10,119282,2523.0,25.0,1.0,0.0,1.0,1.0,0.0,0.0,0.0,0.0
2008-07-10,679342,,,,,0.0,0.0,2.0,1.0,0.0,1.0
2008-07-10,82962,2628.0,25.0,,1.0,1.0,1.0,1.0,2.0,0.0,2.0
2008-07-10,726807,2538.0,25.0,,1.0,1.0,1.0,1.0,1.0,0.0,1.0
2008-07-10,67327,,,,,0.0,0.0,0.0,0.0,0.0,0.0
2008-07-10,108847,2668.0,25.0,,1.0,3.0,2.0,3.0,4.0,5.0,3.0
2008-07-10,30017,2893.0,25.0,,2.0,1.0,5.0,0.0,17.0,24.0,14.0
2008-07-10,16632,2973.0,25.0,1.0,2.0,1.0,4.0,10.0,10.0,1.0,2.0
2008-07-10,84627,2973.0,25.0,1.0,1.0,0.0,10.0,13.0,13.0,6.0,6.0
2008-07-10,72222,2973.0,25.0,,4.0,0.0,3.0,17.0,15.0,9.0,6.0
2008-07-10,114552,653.0,7.0,1.0,1.0,3.0,1.0,1.0,0.0,0.0,0.0
2008-07-10,46132,2893.0,25.0,1.0,2.0,9.0,12.0,6.0,12.0,2.0,0.0
2008-07-10,68377,2893.0,25.0,1.0,4.0,0.0,0.0,0.0,0.0,0.0,0.0
2008-07-10,36242,2713.0,25.0,1.0,2.0,1.0,3.0,2.0,2.0,0.0,0.0
2008-07-10,117462,1258.0,34.0,1.0,1.0,1.0,10.0,2.0,7.0,4.0,2.0
2008-07-10,1081067,2653.0,25.0,,1.0,0.0,1.0,0.0,0.0,0.0,0.0
2008-07-10,964402,2813.0,25.0,,1.0,0.0,2.0,0.0,0.0,2.0,0.0
2008-08-10,78977,2813.0,25.0,,0.0,1.0,2.0,9.0,23.0,42.0,13.0
2008-08-10,81642,2558.0,25.0,1.0,4.0,1.0,3.0,2.0,6.0,5.0,0.0
2008-10-10,82312,2298.0,46.0,,,0.0,1.0,0.0,1.0,1.0,2.0
2008-10-13,76237,2923.0,25.0,1.0,3.0,5.0,7.0,3.0,6.0,10.0,2.0
2008-10-13,75822,,,,,0.0,0.0,0.0,0.0,0.0,0.0
2008-10-13,1012,3123.0,31.0,1.0,2.0,3.0,2.0,13.0,2.0,15.0,0.0
2008-10-13,80197,3123.0,31.0,1.0,2.0,4.0,8.0,0.0,0.0,0.0,0.0
2008-10-15,75377,2053.0,19.0,1.0,4.0,13.0,4.0,31.0,19.0,25.0,25.0
2008-10-15,66672,1258.0,34.0,1.0,4.0,4.0,2.0,26.0,33.0,36.0,45.0
2008-10-16,809672,3268.0,31.0,1.0,1.0,0.0,1.0,2.0,5.0,2.0,2.0
2008-10-16,147222,3268.0,31.0,1.0,1.0,1.0,4.0,1.0,31.0,11.0,22.0
2008-10-16,961672,,,1.0,,1.0,2.0,0.0,0.0,0.0,0.0
2008-10-16,297392,998.0,1.0,1.0,,1.0,5.0,0.0,0.0,0.0,0.0
2008-10-16,72722,2103.0,19.0,1.0,4.0,0.0,3.0,3.0,2.0,3.0,4.0
2008-10-16,107987,3508.0,4.0,1.0,1.0,0.0,5.0,1.0,0.0,0.0,0.0
2008-10-16,45317,2153.0,19.0,1.0,2.0,0.0,0.0,9.0,2.0,2.0,1.0
2008-10-16,39562,2153.0,19.0,1.0,2.0,4.0,0.0,0.0,0.0,0.0,0.0
2008-10-16,1162,2103.0,19.0,1.0,2.0,0.0,0.0,0.0,0.0,4.0,1.0
2008-10-16,703057,,,1.0,,0.0,1.0,0.0,0.0,0.0,1.0
2008-10-16,131372,1528.0,13.0,1.0,1.0,1.0,0.0,0.0,0.0,0.0,0.0
2008-10-16,887317,1033.0,1.0,1.0,1.0,1.0,3.0,1.0,3.0,12.0,9.0
2008-10-16,939957,,,,,0.0,0.0,0.0,2.0,4.0,0.0
2008-10-16,68857,2298.0,46.0,1.0,4.0,3.0,1.0,0.0,0.0,0.0,0.0
2008-10-16,672142,2763.0,25.0,,0.0,0.0,1.0,0.0,0.0,0.0,0.0
2008-10-16,79142,2763.0,25.0,1.0,4.0,2.0,7.0,13.0,19.0,8.0,0.0
2008-10-22,444932,3028.0,31.0,1.0,1.0,2.0,0.0,0.0,3.0,0.0,12.0
2008-10-22,500417,3028.0,31.0,1.0,1.0,5.0,2.0,0.0,0.0,0.0,0.0
2008-10-23,592977,,,,,0.0,0.0,0.0,0.0,0.0,0.0
2008-10-23,675142,,,,,0.0,0.0,0.0,0.0,0.0,0.0
2008-10-24,10592,2893.0,25.0,1.0,2.0,8.0,4.0,3.0,10.0,3.0,1.0
2008-10-24,488307,2893.0,25.0,,1.0,1.0,1.0,0.0,0.0,0.0,0.0
2008-10-24,81792,3268.0,31.0,1.0,4.0,2.0,1.0,0.0,9.0,9.0,7.0
2008-10-24,69517,1258.0,34.0,1.0,4.0,3.0,5.0,10.0,6.0,16.0,61.0
2008-10-24,69392,,,,,0.0,0.0,2.0,6.0,8.0,2.0
2008-10-27,44252,2813.0,25.0,1.0,2.0,5.0,4.0,5.0,4.0,2.0,0.0
2008-10-27,74302,2603.0,25.0,1.0,3.0,5.0,2.0,0.0,0.0,0.0,0.0
2008-10-29,23982,498.0,7.0,,0.0,1.0,1.0,0.0,0.0,0.0,0.0
2008-10-29,68567,653.0,7.0,1.0,2.0,1.0,0.0,0.0,0.0,0.0,0.0
2008-10-29,16012,2103.0,19.0,1.0,4.0,1.0,1.0,3.0,0.0,3.0,0.0
2008-10-30,11907,1038.0,1.0,1.0,3.0,0.0,1.0,0.0,3.0,0.0,1.0
2008-10-31,813567,2533.0,25.0,1.0,1.0,1.0,3.0,1.0,3.0,2.0,3.0
2008-10-31,9217,2533.0,25.0,1.0,4.0,0.0,0.0,4.0,6.0,19.0,19.0
2008-04-11,12957,2603.0,25.0,1.0,3.0,5.0,13.0,30.0,8.0,11.0,1.0
2008-06-11,6012,1038.0,1.0,1.0,3.0,0.0,5.0,0.0,30.0,3.0,28.0
2008-11-11,301472,2533.0,25.0,1.0,1.0,8.0,6.0,10.0,52.0,69.0,25.0
2008-11-11,29512,3268.0,31.0,1.0,2.0,6.0,5.0,0.0,8.0,1.0,4.0
2008-11-11,111192,1098.0,1.0,1.0,1.0,1.0,8.0,3.0,23.0,15.0,13.0
2008-11-11,4222,2768.0,25.0,,3.0,0.0,7.0,17.0,26.0,18.0,12.0
2008-11-19,928167,2538.0,25.0,,1.0,1.0,1.0,0.0,0.0,0.0,0.0
2008-11-19,88182,2628.0,25.0,1.0,0.0,1.0,0.0,0.0,0.0,0.0,0.0
2008-11-19,1091272,2828.0,25.0,,1.0,0.0,1.0,0.0,0.0,0.0,0.0
2008-11-19,626397,2668.0,25.0,,,0.0,1.0,0.0,0.0,0.0,0.0
2008-11-19,49097,2713.0,25.0,1.0,1.0,1.0,5.0,0.0,1.0,0.0,2.0
2008-11-19,135202,2563.0,25.0,1.0,0.0,0.0,1.0,1.0,0.0,0.0,0.0
2008-11-19,884667,2653.0,25.0,,,0.0,1.0,0.0,0.0,0.0,0.0
2008-11-19,26352,2533.0,25.0,1.0,2.0,1.0,1.0,0.0,4.0,0.0,0.0
2008-11-19,33542,2653.0,25.0,1.0,2.0,1.0,0.0,3.0,5.0,1.0,5.0
2008-11-20,7587,2603.0,25.0,1.0,3.0,1.0,1.0,3.0,7.0,18.0,1.0
2008-11-20,575052,3943.0,31.0,1.0,1.0,0.0,6.0,0.0,0.0,0.0,0.0
2008-11-20,821067,,,,,0.0,0.0,0.0,0.0,0.0,0.0
2008-11-26,755517,2538.0,25.0,1.0,1.0,2.0,9.0,3.0,2.0,1.0,2.0
2008-11-26,69032,2538.0,25.0,1.0,2.0,6.0,9.0,0.0,0.0,0.0,0.0
2008-11-27,734322,2603.0,25.0,,1.0,2.0,10.0,0.0,0.0,0.0,0.0
2008-11-27,138177,1033.0,1.0,1.0,1.0,1.0,0.0,0.0,1.0,1.0,1.0
2008-11-27,49642,1033.0,1.0,,,0.0,0.0,0.0,0.0,0.0,0.0
2008-01-12,80692,2298.0,46.0,1.0,3.0,7.0,4.0,2.0,5.0,3.0,1.0
2008-02-12,641012,2853.0,25.0,,1.0,0.0,9.0,2.0,5.0,6.0,1.0
2008-02-12,21732,2853.0,25.0,1.0,2.0,1.0,4.0,0.0,0.0,0.0,0.0
2008-05-12,974802,2538.0,25.0,1.0,1.0,3.0,0.0,2.0,2.0,1.0,1.0
2008-05-12,449137,2538.0,25.0,1.0,1.0,1.0,6.0,0.0,0.0,0.0,0.0
2008-08-12,808267,2178.0,19.0,,0.0,3.0,1.0,4.0,8.0,0.0,1.0
2008-08-12,22847,2053.0,19.0,1.0,2.0,10.0,2.0,10.0,6.0,5.0,0.0
2008-08-12,6562,2053.0,19.0,,0.0,1.0,1.0,54.0,19.0,24.0,4.0
2008-09-12,777602,1798.0,118.0,,1.0,1.0,1.0,0.0,0.0,0.0,0.0
2008-09-12,10072,2813.0,25.0,,1.0,0.0,0.0,4.0,9.0,9.0,15.0
2008-10-12,11602,3508.0,4.0,1.0,3.0,0.0,2.0,2.0,2.0,1.0,0.0
2008-12-15,809672,3268.0,31.0,1.0,1.0,0.0,2.0,2.0,5.0,2.0,2.0
2008-12-16,636257,2678.0,25.0,,0.0,3.0,9.0,3.0,2.0,1.0,2.0
2008-12-17,69812,2813.0,25.0,,2.0,5.0,12.0,16.0,17.0,23.0,4.0
2008-12-17,74162,2813.0,25.0,1.0,2.0,5.0,10.0,19.0,34.0,9.0,10.0
2008-12-17,66887,2813.0,25.0,,0.0,6.0,20.0,0.0,9.0,2.0,0.0
2008-12-19,74162,2813.0,25.0,1.0,2.0,6.0,12.0,19.0,34.0,9.0,10.0
2008-12-19,575052,3943.0,31.0,1.0,1.0,0.0,6.0,0.0,0.0,0.0,0.0
2008-12-22,82072,2298.0,46.0,,0.0,7.0,1.0,0.0,6.0,12.0,2.0
2008-12-23,28502,2603.0,25.0,1.0,2.0,5.0,6.0,13.0,11.0,6.0,2.0
2008-12-23,87917,2653.0,25.0,1.0,2.0,3.0,3.0,0.0,0.0,0.0,0.0
2008-12-24,68437,2103.0,19.0,1.0,4.0,1.0,3.0,3.0,4.0,5.0,20.0
2008-12-24,82722,2153.0,19.0,1.0,3.0,2.0,1.0,0.0,3.0,7.0,2.0
