id,EXTERNAL_ADVISOR,EXT_CHIEF_INVESTIGATOR,STUDRES,STUD_CHIEF_INVESTIGATOR
3,,3.0,,
4,,3.0,,1.0
7,,1.0,,
8,,1.0,,
9,,2.0,,
10,,3.0,,
12,,,,1.0
14,,2.0,,
15,,2.0,,
19,,2.0,,
23,,2.0,,
25,,1.0,,
29,,3.0,,
32,,1.0,,
33,,1.0,,
35,,2.0,,
39,,5.0,,
42,,,,1.0
44,,,,1.0
47,,2.0,,
50,,1.0,,
53,,,,1.0
54,,,,1.0
56,,,,1.0
57,,1.0,,
58,,1.0,,
59,,1.0,,
60,,1.0,,
61,,1.0,,
62,,1.0,,
63,,1.0,,
68,,2.0,,
74,,,,1.0
79,,,,1.0
81,,3.0,,
82,,4.0,,
93,,1.0,,
103,,2.0,,
104,,1.0,,
105,,2.0,,
106,,1.0,,
107,,,,1.0
113,,,,1.0
115,,2.0,,
119,,1.0,,
122,,1.0,,
125,,1.0,,
132,,1.0,,
142,,1.0,,
143,,2.0,,1.0
144,,,,1.0
151,,1.0,,
158,,,,1.0
162,,1.0,,
170,,,,1.0
171,,2.0,,
174,,1.0,,
180,,,,1.0
181,,,,1.0
183,,1.0,,
184,,1.0,,
185,,,,1.0
186,,1.0,,
188,,,,1.0
193,,1.0,,
195,,2.0,,
197,,2.0,,
200,,1.0,,
202,,1.0,,
205,,1.0,,
207,,2.0,,
218,,2.0,,
219,,,,1.0
220,,2.0,,
221,,,,1.0
224,,1.0,,
225,,1.0,,
228,,,,1.0
235,,1.0,,
239,,1.0,,
242,,1.0,,
246,,1.0,,
249,,1.0,,
251,,1.0,,
260,,,,1.0
262,,,,1.0
265,,,,1.0
266,,,,1.0
268,,,,1.0
269,,,,1.0
271,,1.0,,
274,,2.0,,
276,,1.0,,
280,,2.0,,
281,,1.0,,
282,,1.0,,
284,,,,1.0
286,,1.0,,
287,,2.0,,
288,,2.0,,
290,,1.0,,
291,,1.0,,
292,,,2.0,
293,,4.0,,
295,,2.0,,
297,,1.0,,
298,,,,1.0
301,,1.0,,
302,,1.0,,
303,,1.0,,
304,,5.0,,
306,,1.0,,
307,,,,1.0
308,,,,1.0
310,,1.0,,
311,,1.0,,
314,,1.0,,
315,,,,1.0
316,,1.0,,
318,,,,1.0
323,,,,1.0
327,,3.0,,
329,,,,1.0
330,,,1.0,
331,,3.0,,
333,,1.0,,
338,,1.0,,
340,,2.0,,
341,,1.0,,
344,,1.0,,
348,,4.0,,
351,,2.0,,
352,,1.0,,
355,,1.0,,
358,,3.0,,
360,,,,1.0
361,,,,1.0
363,,1.0,,
367,,1.0,,
370,,,,1.0
379,,1.0,,
380,,2.0,,
381,,1.0,,
384,,1.0,,
387,,1.0,,
389,,4.0,,
391,,3.0,,
393,,2.0,,
404,,,,1.0
406,,2.0,,
408,,1.0,,
409,,1.0,,
410,,1.0,,
412,,,,1.0
414,,,,1.0
415,,2.0,,
419,,,,1.0
420,,,,1.0
421,,6.0,,
425,,1.0,,
427,,1.0,,
428,,,,1.0
429,,2.0,,
431,,,,1.0
432,,,,1.0
436,,1.0,,
437,,1.0,,
445,,1.0,,
447,,4.0,,
448,,1.0,,
450,,,,1.0
451,,2.0,,
452,,,,1.0
453,,,,1.0
454,,2.0,,
456,,1.0,,1.0
458,,1.0,,
459,,,,1.0
460,,1.0,,
462,,,,1.0
468,,1.0,,
471,,,,1.0
479,,2.0,,
483,,2.0,,
490,,,,1.0
493,,1.0,,
494,,1.0,,
501,,1.0,,
504,,,1.0,
506,,1.0,,
513,,1.0,,
515,,,,1.0
517,,1.0,,
518,,2.0,,
521,,2.0,,
522,,,,1.0
524,,1.0,,
526,,1.0,,
528,,1.0,,
535,,1.0,,
540,,2.0,,
544,,,,1.0
545,,,,1.0
549,,1.0,,
556,,2.0,,
559,,1.0,,
561,,2.0,,
563,,1.0,,
564,,4.0,,
566,,1.0,,
569,,4.0,,
571,,1.0,,
572,,2.0,,
576,,,,1.0
577,,2.0,,
579,,1.0,,
580,,,,1.0
582,,1.0,,
583,,1.0,,
588,,11.0,,
591,,1.0,,
592,,,,1.0
597,,1.0,,
599,,1.0,,
601,,,,1.0
604,,1.0,,
605,,1.0,,
606,,1.0,,
610,,1.0,,
612,,,,1.0
613,,3.0,,
615,,1.0,,
617,,1.0,,
618,,1.0,,
619,,1.0,,
620,,1.0,,
626,,2.0,,1.0
632,,1.0,,
633,,10.0,,
635,,1.0,,
640,,1.0,,
643,,,,1.0
644,,,,1.0
646,,1.0,,
647,,,,1.0
653,,2.0,,
654,,,,1.0
655,,1.0,,
657,,,,1.0
659,,1.0,,
665,,1.0,,
666,,,,1.0
667,,,,1.0
672,,,,1.0
674,,1.0,,
677,,1.0,,
682,,,,1.0
683,,,,1.0
685,,,,1.0
687,,,,1.0
689,,1.0,,
692,,,,1.0
695,,,,1.0
696,,,,1.0
698,,,,1.0
700,,1.0,,
704,,1.0,,
708,,,,1.0
711,,,,1.0
713,,,,1.0
714,,1.0,,
715,,,,1.0
717,,,,1.0
719,,,,1.0
724,,2.0,,
725,,1.0,,
728,,1.0,,
738,,1.0,,
739,,1.0,,
742,,1.0,,
744,,1.0,,
747,,1.0,,
748,,3.0,,
749,,1.0,,
750,,,,1.0
753,,,,1.0
762,,1.0,,
763,,2.0,,
765,,1.0,,
769,,,,1.0
770,,1.0,,
774,,2.0,,
777,,1.0,,
779,,2.0,,
781,,1.0,,
782,,1.0,,
784,,1.0,,
786,,,,1.0
788,,1.0,,
790,,,,1.0
792,,1.0,,
795,,,,1.0
801,,1.0,,
804,,,,1.0
806,,3.0,,
810,,,,1.0
812,,,,1.0
814,,,1.0,
815,,,,1.0
816,,2.0,,
818,,,,1.0
819,,1.0,,
820,,1.0,,
822,,1.0,,
823,,1.0,,
825,,3.0,,
826,,,,1.0
828,,,,1.0
832,,,,1.0
833,,1.0,,
834,,,,1.0
835,,2.0,,
839,,1.0,,
843,,1.0,,
847,,1.0,,
849,,,1.0,
855,,,,1.0
856,,1.0,,
857,,1.0,,
859,,,,1.0
861,,2.0,,
863,,,,1.0
866,,1.0,,
869,,1.0,,
874,,3.0,,
875,,,,1.0
878,,1.0,,
883,,,,1.0
886,,1.0,,
890,,2.0,,
893,,1.0,,
895,,,,1.0
898,,2.0,,
900,,1.0,,1.0
903,,1.0,,
905,,,,1.0
908,,,,1.0
909,,,,1.0
911,,1.0,,
912,,1.0,,
915,,1.0,,
916,,1.0,,
917,,,,1.0
918,,1.0,,
927,,1.0,,
928,,1.0,,
929,,,,1.0
934,,2.0,,
936,,,,1.0
941,,1.0,,
943,,,,1.0
944,,2.0,,
947,,3.0,,
948,,1.0,,
950,,,,1.0
951,,1.0,,
953,,2.0,,
955,,1.0,,
957,,1.0,,
962,,1.0,,
963,,,,1.0
972,,1.0,,
977,,1.0,,
978,,1.0,,
980,,3.0,,
984,,1.0,,
986,,1.0,,
990,,,,1.0
995,,1.0,,
996,,,1.0,
999,,2.0,,
1003,,1.0,,
1004,,,,1.0
1005,,1.0,,
1006,,1.0,,
1009,,1.0,,
1010,,1.0,,
1011,,2.0,,
1013,,1.0,,
1015,,6.0,,
1016,,1.0,,
1017,,1.0,,
1018,,1.0,,
1019,,1.0,,
1023,,1.0,,
1024,,3.0,,
1027,,,,1.0
1028,,1.0,,
1029,,1.0,,
1030,,1.0,,
1032,,1.0,,
1035,,3.0,,
1042,,2.0,,
1043,,1.0,,
1045,,5.0,,
1050,,1.0,,
1052,,3.0,,
1056,,2.0,,
1059,,,,1.0
1061,,,,1.0
1062,,,,1.0
1067,,,,1.0
1069,,,,1.0
1070,,1.0,,
1071,,1.0,,
1072,,2.0,,
1077,,2.0,,
1078,,1.0,,
1121,,1.0,,
1123,,,,1.0
1169,,,,1.0
1172,,,,1.0
1188,,,,1.0
1192,,1.0,,
1194,,,,1.0
1229,,1.0,,
1230,,,,1.0
1232,,,1.0,
1235,,2.0,,
1281,,1.0,,
1285,,2.0,,
1288,,1.0,,
1291,,1.0,,
1293,,2.0,,
1297,,,,1.0
1298,,1.0,,
1299,,1.0,,
1300,,1.0,,
1302,,2.0,,
1303,,1.0,,
1304,,2.0,,
1312,,,2.0,
1313,,1.0,,
1316,,1.0,,
1324,,2.0,,
1328,,5.0,,
1329,,,,1.0
1332,,1.0,,
1334,,1.0,,
1336,,,,1.0
1340,,1.0,,
1342,,1.0,,
1345,,,,1.0
1346,,1.0,,
1350,,,2.0,
1351,,1.0,,
1353,,2.0,,
1356,,2.0,,
1357,,,1.0,
1358,,1.0,,
1362,,,1.0,
1365,,,,1.0
1368,,3.0,,1.0
1369,,1.0,,
1370,,,,1.0
1372,,,1.0,
1373,,5.0,,
1374,,,,1.0
1376,,1.0,,
1380,,1.0,,
1383,,1.0,,
1386,,2.0,1.0,
1389,,4.0,,
1399,,1.0,,
1401,,1.0,,
1405,,1.0,,
1409,,1.0,,
1412,,1.0,,
1415,,1.0,,
1416,,,,1.0
1418,,,,1.0
1419,,1.0,,
1421,,,2.0,
1423,,1.0,,
1424,,2.0,,
1426,,3.0,,
1428,,1.0,,
1431,,6.0,,
1434,,,,1.0
1435,,,1.0,
1443,,,1.0,
1444,,1.0,,
1447,,2.0,,
1449,,1.0,,
1454,,,1.0,
1457,,1.0,,
1459,,,1.0,
1461,,1.0,,
1463,,,,1.0
1465,,1.0,,
1466,,,,1.0
1469,,,,1.0
1470,,1.0,,
1483,,,,1.0
1486,,,,1.0
1496,,,,1.0
1505,,1.0,,
1510,,2.0,,
1513,,1.0,,1.0
1517,,1.0,,
1518,,5.0,,
1520,,2.0,,
1523,,1.0,,
1524,,1.0,,
1525,,1.0,,
1527,,,,1.0
1532,,,,1.0
1534,,,,1.0
1537,,,,1.0
1539,,2.0,,
1547,,,,1.0
1548,,1.0,,
1549,,,,1.0
1551,,,,1.0
1552,,1.0,,1.0
1554,,,1.0,
1555,,1.0,,
1578,,1.0,,
1582,,2.0,,
1583,,1.0,,1.0
1588,,2.0,,
1589,,1.0,,
1590,,3.0,,
1596,,,1.0,
1617,,,1.0,
1622,,2.0,,
1623,,3.0,,
1625,,,1.0,
1626,,2.0,,
1627,,2.0,,
1628,,2.0,,
1631,,3.0,,
1632,,1.0,,
1633,,4.0,,
1634,,2.0,,
1636,,1.0,,
1638,,1.0,,
1639,,1.0,,
1644,,,2.0,
1645,,1.0,,
1652,,,1.0,
1661,,1.0,,
1664,,3.0,,
1669,,,,1.0
1671,,5.0,,
1677,,,,1.0
1679,,,1.0,
1681,,2.0,,
1683,,,,1.0
1684,,,1.0,
1685,,,,1.0
1687,,1.0,,1.0
1688,,,1.0,
1689,,,,1.0
1691,,5.0,,
1718,,,,1.0
1725,,1.0,,1.0
1739,,1.0,,1.0
1741,,1.0,,
1742,,,,1.0
1746,,,,1.0
1757,,,1.0,
1758,,1.0,,
1761,,,,1.0
1764,,1.0,,1.0
1767,,,1.0,
1769,,2.0,,
1770,,1.0,,
1771,,2.0,,
1772,,1.0,,
1773,,1.0,,
1774,,3.0,,
1781,,,,1.0
1789,,1.0,,
1790,,,,1.0
1791,,,1.0,
1794,,1.0,,
1796,,1.0,,
1799,,1.0,,
1805,,,1.0,
1807,,1.0,,
1810,,1.0,,
1813,,2.0,,
1814,,4.0,,
1828,,1.0,,
1830,,,1.0,
1834,,5.0,,
1837,,,1.0,
1840,,,,1.0
1849,,,,1.0
1851,,,,1.0
1852,,,,1.0
1855,,,,1.0
1859,,,,1.0
1868,,,,1.0
1876,,,,1.0
1878,,,,1.0
1883,,,1.0,
1885,,4.0,,
1890,,2.0,,
1892,,6.0,,
1896,,1.0,,
1903,,1.0,,
1905,,,1.0,
1913,,2.0,,
1915,,1.0,,
1921,,9.0,,
1924,,4.0,,
1929,,,1.0,
1934,,2.0,,
1939,,2.0,,
1940,,1.0,,
1942,,,1.0,
1944,,,,1.0
1948,,,,1.0
1950,,,1.0,
1952,,1.0,,
1955,,1.0,,
1965,,,1.0,
1972,,1.0,,
1975,,1.0,,
1976,,1.0,,
1977,,1.0,,
1997,,3.0,,
1998,,,,1.0
1999,,,,1.0
2007,,1.0,,
2024,,,,1.0
2050,,1.0,,
2068,,3.0,,
2072,,,,1.0
2073,,,,1.0
2074,,1.0,,
2076,,,,1.0
2078,,2.0,,
2083,,1.0,,
2096,,,,1.0
2104,,,,1.0
2107,,,1.0,
2108,,,,1.0
2110,,,,1.0
2111,,4.0,,
2119,,,,1.0
2126,,,1.0,
2134,,,1.0,
2150,,,,1.0
2166,,,,1.0
2176,,,1.0,
2180,,,1.0,
2186,,3.0,,
2188,,1.0,,
2191,,,3.0,
2192,,,1.0,
2198,,2.0,,
2199,,,1.0,
2204,,,,1.0
2209,,,,1.0
2213,,,1.0,
2238,,,1.0,
2239,,,1.0,
2243,,,3.0,
2244,,2.0,,
2246,,4.0,,
2250,,1.0,,
2251,,3.0,,
2252,,1.0,,
2253,,1.0,,
2256,,1.0,,
2257,,1.0,,
2258,,2.0,,
2259,,1.0,,
2262,,1.0,,
2267,,1.0,,
2273,,1.0,,
2292,,,1.0,
2296,,,1.0,
2297,,1.0,,
2303,,1.0,,
2311,,5.0,,
2316,,,1.0,
2328,,,1.0,
2340,,,1.0,
2341,,1.0,,
2351,,2.0,,
2353,,2.0,,
2357,,2.0,,
2358,,1.0,,
2361,,1.0,,
2363,,1.0,,
2368,,1.0,,
2374,,1.0,,
2378,,1.0,,
2381,,1.0,,
2382,,1.0,,
2385,,4.0,,
2386,,3.0,,
2392,,1.0,,
2395,,1.0,,
2397,,1.0,,
2401,,4.0,,
2402,,2.0,,
2405,,1.0,,
2408,,1.0,,
2409,,2.0,,
2414,,2.0,,
2421,,1.0,,
2422,,1.0,,
2429,,2.0,,
2436,,1.0,,
2438,,4.0,,
2439,,1.0,,
2443,,1.0,,
2449,,5.0,,
2452,,1.0,,
2454,,1.0,,
2455,,1.0,,
2459,,2.0,,
2463,,1.0,,
2464,,1.0,,
2466,,1.0,,
2477,,1.0,,
2478,,1.0,,
2480,,2.0,,
2481,,1.0,,
2483,,2.0,,
2486,,1.0,,
2491,,1.0,,
2498,,2.0,,
2501,,1.0,,
2511,,1.0,,
2512,,4.0,,
2515,,1.0,,
2521,,1.0,,
2522,,2.0,,
2523,,1.0,,
2527,,1.0,,
2528,,1.0,,
2530,,1.0,,
2538,,2.0,,
2540,,1.0,,
2544,,1.0,,
2546,,4.0,,
2549,,1.0,,
2554,,2.0,,
2560,,1.0,,
2562,,1.0,,
2563,,1.0,,
2564,,1.0,,
2568,,1.0,,
2573,,1.0,,
2574,,1.0,,
2580,,1.0,,
2583,,1.0,,
2584,,1.0,,
2588,,2.0,,
2589,,1.0,,
2590,,1.0,,
2596,,1.0,,
2599,,1.0,,
2604,,1.0,,
2605,,2.0,,
2606,,1.0,,
2607,,1.0,,
2614,,3.0,,
2615,,1.0,,
2616,,2.0,,
2619,,1.0,,
2625,,4.0,,
2627,,1.0,,
2628,,1.0,,
2636,,1.0,,
2637,,1.0,,
2641,,1.0,,
2642,,2.0,,
2643,,1.0,,
2648,,1.0,,
2651,,1.0,,
2652,,4.0,,
2658,,1.0,,
2662,,1.0,,
2664,,1.0,,
2667,,2.0,,
2671,,1.0,,
2674,,1.0,,
2683,,2.0,,
2685,,1.0,,
2686,,1.0,,
2688,,1.0,,
2689,,1.0,,
2693,,1.0,,
2696,,1.0,,
2700,,1.0,,
2708,,1.0,,
2709,,1.0,,
2710,,1.0,,
2711,,1.0,,
2713,,1.0,,
2714,,1.0,,
2716,,2.0,,
2724,,1.0,,
2727,,1.0,,
2732,,1.0,,
2733,,1.0,,
2738,,1.0,,
2739,,1.0,,
2740,,1.0,,
2742,,1.0,,
2747,,1.0,,
2748,,1.0,,
2750,,1.0,,
2756,,4.0,,
2757,,1.0,,
2767,,1.0,,
2769,,1.0,,
2770,,1.0,,
2771,,2.0,,
2774,,3.0,,
2779,,,,1.0
2788,,1.0,,
2793,,,1.0,
2798,,1.0,,
2803,,1.0,,
2809,,1.0,,
2811,,,,1.0
2812,,2.0,,
2813,,,,1.0
2815,,,,1.0
2816,,,,1.0
2818,,5.0,,
2820,,3.0,,
2821,,,,1.0
2825,,,,1.0
2826,,,,1.0
2827,,,,1.0
2830,,1.0,,
2833,,1.0,,
2834,,1.0,,
2843,,,,1.0
2846,,,,1.0
2847,,1.0,,
2849,,,,1.0
2850,,,,1.0
2852,,1.0,,
2854,,1.0,,
2855,,,1.0,
2858,,,,1.0
2861,,,,1.0
2862,,,,1.0
2863,,,,1.0
2864,,,,1.0
2865,,,,1.0
2866,,1.0,,
2867,,1.0,,
2870,,,,1.0
2871,,,,1.0
2873,,,,1.0
2885,,,,1.0
2886,,,,1.0
2887,,,,1.0
2888,,,,1.0
2890,,1.0,,
2891,,,,1.0
2893,,,,1.0
2895,,,,1.0
2896,,,,1.0
2900,,,,1.0
2906,,,,1.0
2907,,1.0,,
2911,,,,1.0
2917,,3.0,,
2924,,1.0,,
2933,,1.0,,
2936,,,,1.0
2937,,,,1.0
2938,,,,1.0
2939,,1.0,,
2940,,,,1.0
2941,,,,1.0
2942,,,,1.0
2943,,,,1.0
2945,,,,1.0
2946,,,,1.0
2947,,,,1.0
2949,,,,1.0
2950,,,,1.0
2951,,1.0,,
2952,,,,1.0
2953,,1.0,,
2954,,,,1.0
2955,,1.0,,
2956,,,,1.0
2958,,,,1.0
2959,,1.0,,
2960,,,,1.0
2961,,,,1.0
2972,,1.0,,
2973,,1.0,,
2974,,1.0,,
2975,,1.0,,
2977,,2.0,,
2978,,1.0,,
2979,,1.0,,
2980,,1.0,,
2981,,1.0,,
2982,,1.0,,
2983,,2.0,,
2985,,2.0,,
2987,,1.0,,
2988,,2.0,,
2991,,1.0,,
2992,,1.0,,
2993,,1.0,,
2994,,1.0,,
2997,,1.0,,
2998,,1.0,,
2999,,1.0,,
3000,,1.0,,
3001,,1.0,,
3002,,,,1.0
3003,,1.0,,
3004,,1.0,,
3005,,1.0,,
3006,,1.0,,
3008,,1.0,,
3023,,1.0,,
3028,,1.0,,
3036,,,,1.0
3037,,1.0,,
3040,,1.0,,
3041,,1.0,,
3043,,1.0,,
3044,,1.0,,
3046,,1.0,,
3048,,1.0,,
3052,,1.0,,
3053,,,,1.0
3054,,1.0,,
3056,,1.0,,
3060,,,,1.0
3061,,1.0,,
3064,,1.0,,
3066,,1.0,,
3069,,1.0,,
3072,,,,1.0
3073,,1.0,,
3079,,,,1.0
3081,,1.0,,
3086,,1.0,,
3087,,1.0,,
3090,,1.0,,
3091,,3.0,,
3093,,,4.0,
3096,,1.0,,
3097,,2.0,,
3098,,1.0,,
3101,,1.0,,
3103,,1.0,,
3105,,1.0,,
3110,,1.0,,
3112,,1.0,,
3113,,1.0,,
3118,,,,1.0
3119,,,,1.0
3121,,,,1.0
3123,,,,1.0
3124,,1.0,,
3125,,,,1.0
3126,,,,1.0
3127,,,,1.0
3128,,1.0,,1.0
3131,,,,1.0
3132,,,,1.0
3133,,1.0,,
3134,,,,1.0
3136,,,,1.0
3139,,,,1.0
3140,,,,1.0
3142,,,1.0,
3143,,,,1.0
3144,,1.0,,
3145,,1.0,,
3150,,3.0,,
3153,,1.0,,
3156,,2.0,,
3158,,2.0,,
3160,,2.0,,
3161,,1.0,,
3164,,1.0,,
3191,,1.0,,
3207,,1.0,,
3287,,1.0,,1.0
3304,,1.0,,
3309,,,,1.0
3311,,,,1.0
3318,,,,1.0
3319,,,,1.0
3320,,,,1.0
3332,,,,1.0
3333,,1.0,,
3357,,,,1.0
3361,,1.0,,
3362,,4.0,,
3376,,3.0,,
3383,,1.0,,
3385,,1.0,,
3389,,2.0,,
3393,,1.0,,
3400,,2.0,,
3401,,1.0,,
3402,,1.0,,1.0
3407,,1.0,,
3409,,1.0,,
3417,,1.0,,
3423,,1.0,,
3427,,1.0,,
3432,,,,1.0
3433,,,,1.0
3437,,,,1.0
3438,,,,1.0
3439,,,,1.0
3441,1.0,,,
3442,,,,1.0
3444,,1.0,1.0,
3445,,1.0,,1.0
3447,,,,1.0
3448,,1.0,,
3449,,2.0,,
3451,,2.0,,
3456,,1.0,,
3460,,1.0,,
3462,,,,1.0
3463,,,3.0,
3467,,,,1.0
3468,,1.0,,
3469,,1.0,,
3480,,1.0,,
3482,,,,1.0
3483,,2.0,,
3485,,1.0,,
3490,,4.0,,
3493,,1.0,,
3494,,2.0,,
3495,,1.0,,
3496,,2.0,,
3497,,3.0,,
3499,,2.0,,
3500,,2.0,,
3502,,4.0,,
3504,,3.0,,
3506,,1.0,,
3508,,1.0,,
3511,,2.0,,
3514,,1.0,,1.0
3516,,1.0,,
3517,,1.0,,
3518,,3.0,,
3519,,2.0,,
3521,,1.0,,
3522,,2.0,,
3523,,3.0,,
3526,,2.0,,
3527,,4.0,,
3529,,1.0,,
3530,,2.0,,
3531,,2.0,,
3532,,1.0,,
3533,,1.0,,
3534,,1.0,,
3537,,1.0,,
3541,,,,1.0
3547,,1.0,,
3549,,,,1.0
3550,,3.0,,
3553,,,,1.0
3555,,,,1.0
3556,,1.0,1.0,
3557,,,,1.0
3558,,,,1.0
3559,,,,1.0
3560,,,,1.0
3561,,,3.0,
3568,,,,1.0
3581,,1.0,,
3582,,,3.0,
3592,,,1.0,
3601,,2.0,,
3611,1.0,,,
3630,,,,1.0
3633,1.0,,,
3635,,,,1.0
3636,,11.0,,
3650,,1.0,,
3651,1.0,,,
3655,,2.0,,
3663,,1.0,,
3677,,3.0,,
3682,,1.0,,
3692,,,1.0,
3695,,,1.0,
3697,,4.0,,
3699,,,,1.0
3700,,,1.0,
3707,,2.0,,
3708,,,1.0,
3720,,2.0,,
3721,,5.0,,
3729,,1.0,,
3731,,1.0,,
3733,,,1.0,
3754,,1.0,,
3793,,1.0,,
3823,,1.0,,
3827,,1.0,,
3831,,1.0,,
3863,,4.0,,
3902,,1.0,,
3930,,1.0,,
3934,,1.0,,
3946,,1.0,,
3975,,2.0,,
3976,,1.0,,
3988,,1.0,,
3989,,2.0,,
3990,,3.0,,
3991,,,,1.0
4002,,1.0,,
4004,,,,1.0
4007,,1.0,,
4011,,1.0,,
4012,,,1.0,
4013,,1.0,,
4019,,1.0,,
4024,,1.0,,
4026,,3.0,,
4027,,,1.0,
4028,,2.0,,
4030,,2.0,,
4032,,,,1.0
4033,,1.0,,
4034,,1.0,,
4040,,,1.0,
4042,,1.0,,
4043,,1.0,,
4045,,1.0,,
4050,,,1.0,
4055,,,1.0,
4062,,,1.0,
4068,,,1.0,
4070,,,1.0,
4072,,,1.0,
4076,,,1.0,
4078,,,1.0,
4080,,,1.0,
4084,,,1.0,
4086,,,1.0,
4099,,1.0,,
4106,,9.0,,
4108,,1.0,,
4115,,1.0,,
4120,,6.0,,
4121,,2.0,,
4124,,3.0,,
4125,,1.0,,
4128,,1.0,1.0,1.0
4129,,3.0,,
4130,,2.0,,
4131,,2.0,,
4132,,3.0,,
4133,,3.0,,
4134,,2.0,,
4136,,2.0,,
4137,,2.0,,
4138,,6.0,,
4146,,5.0,,
4148,,1.0,,
4152,,1.0,,
4157,,2.0,,
4160,,2.0,,
4162,,,,1.0
4163,,,,1.0
4168,,1.0,,
4169,,1.0,,
4170,,3.0,4.0,
4178,,1.0,,
4183,,4.0,,
4190,,2.0,,
4193,,1.0,,
4195,,3.0,,
4196,,,1.0,
4201,,,,1.0
4210,,2.0,,
4212,,2.0,,1.0
4215,,1.0,,
4224,,3.0,,
4229,,2.0,,
4232,,4.0,,
4235,,1.0,,
4243,,2.0,,
4247,,1.0,,
4259,,1.0,,
4263,,1.0,,
4265,,,1.0,
4266,,1.0,,
4274,,,1.0,
4275,,,,1.0
4291,,1.0,,
4293,,1.0,,
4294,,1.0,,
4304,,1.0,,
4307,,1.0,,
4308,,,,1.0
4309,,,1.0,
4310,,,,1.0
4315,,1.0,,
4319,,1.0,,
4322,,,,1.0
4331,,,,1.0
4332,,4.0,,
4336,,4.0,,
4340,,1.0,,
4341,,1.0,,
4342,,1.0,,
4344,,3.0,,
4345,,1.0,,
4350,,2.0,,
4364,,1.0,,
4370,,,,1.0
4375,,1.0,,
4376,,1.0,,
4377,,,,1.0
4379,,,,1.0
4380,,2.0,,
4381,,1.0,,
4385,,1.0,,
4386,,2.0,,
4387,,1.0,,
4392,,1.0,,
4393,,6.0,,
4396,,,,1.0
4406,,,,1.0
4408,,,,1.0
4417,,,,1.0
4421,,2.0,,
4451,,4.0,,
4453,,1.0,,
4455,,,1.0,
4458,,1.0,,
4459,,,1.0,
4460,,,,1.0
4487,,2.0,,
4489,,2.0,,
4501,,,,1.0
4505,,,,1.0
4512,,1.0,,1.0
4513,,1.0,,1.0
4514,,2.0,,
4516,,2.0,,
4525,,1.0,,
4527,,1.0,,
4531,,,,1.0
4535,,,,1.0
4537,,7.0,,
4539,,5.0,,
4542,,1.0,,
4544,,1.0,,
4545,,,,1.0
4548,,,,1.0
4551,,1.0,,
4552,,3.0,,
4553,,2.0,,
4560,,1.0,,
4565,,1.0,1.0,
4568,,1.0,,
4575,,1.0,,
4579,,1.0,,
4585,,3.0,,
4588,,1.0,1.0,
4593,,1.0,1.0,
4595,,2.0,,
4596,,2.0,,
4601,,1.0,,
4602,,,1.0,
4604,,2.0,,
4605,,1.0,,
4608,,3.0,,
4611,,2.0,,
4617,,1.0,,
4619,,4.0,,
4621,,1.0,,
4622,,1.0,,
4623,,3.0,,
4624,,2.0,,
4625,,2.0,,
4626,,3.0,,
4628,,2.0,,
4629,,1.0,,
4630,,1.0,,
4631,,2.0,,
4634,,1.0,,
4635,,2.0,,
4637,,5.0,,
4638,,2.0,,
4639,,1.0,,
4640,,7.0,,
4641,,1.0,,
4642,,2.0,,
4644,,1.0,,
4645,,2.0,,
4646,,3.0,,
4648,,3.0,,
4650,,1.0,,
4652,,1.0,,
4653,,1.0,,
4654,,1.0,,
4655,,1.0,,
4656,,1.0,,
4657,,2.0,,
4659,,1.0,,
4660,,3.0,,
4661,,4.0,,
4662,,1.0,,
4663,,1.0,,
4664,,11.0,,
4665,,1.0,,
4666,,1.0,,
4668,,1.0,,1.0
4669,,1.0,,
4673,,,,1.0
4675,,1.0,,
4676,,1.0,,
4677,,1.0,,
4678,,,1.0,
4679,,,,1.0
4683,,,,1.0
4684,,,,1.0
4685,,,,1.0
4686,,,,1.0
4687,,,,1.0
4689,,,1.0,
4690,,,,1.0
4691,,,,1.0
4692,,1.0,,1.0
4693,,,,1.0
4694,,3.0,,
4695,,1.0,,
4700,,2.0,,
4705,,3.0,,
4707,,1.0,,
4708,,1.0,,
4713,,2.0,,
4714,,1.0,,
4716,,,1.0,
4717,,6.0,,
4719,,1.0,,1.0
4722,,2.0,,
4736,,1.0,,
4737,,2.0,1.0,
4744,,1.0,,
4747,,1.0,,
4748,,2.0,1.0,
4749,,2.0,,
4752,,1.0,,
4753,,,,1.0
4757,,,1.0,
4758,,1.0,,
4759,,,,1.0
4760,,3.0,,
4761,,1.0,,
4763,,1.0,,
4764,,1.0,,
4765,,,,1.0
4766,,2.0,,
4767,,3.0,,
4770,,3.0,,
4775,,1.0,,
4776,,2.0,,1.0
4778,,1.0,,
4779,,,,1.0
4785,,,,1.0
4787,,1.0,,
4788,,2.0,,
4791,,2.0,,
4795,,1.0,,
4796,,1.0,,
4806,,,,1.0
4807,,,,2.0
4809,,1.0,,
4811,,2.0,,
4812,,1.0,,
4815,,1.0,,
4816,,2.0,,
4819,,3.0,,
4820,,1.0,,
4821,,1.0,,
4822,,,1.0,
4824,,2.0,,
4827,,1.0,,
4828,,1.0,,
4830,,1.0,,
4831,,2.0,,
4832,,1.0,,
4834,,1.0,,
4835,,1.0,,
4836,,1.0,,
4837,,1.0,,
4838,,1.0,,
4839,,1.0,,
4841,,1.0,,
4842,,1.0,,
4844,,1.0,,
4849,,6.0,,
4850,,1.0,,
4853,,1.0,,2.0
4854,,2.0,,
4855,,1.0,,
4857,,,,1.0
4858,,1.0,,
4859,,1.0,,
4860,,,,1.0
4863,,1.0,,
4864,,3.0,,
4869,,1.0,,
4870,,3.0,,
4875,,,,1.0
4879,,1.0,,
4880,,3.0,,
4881,,,,1.0
4882,,7.0,,
4884,,1.0,,
4888,,1.0,,1.0
4889,,,,1.0
4894,,1.0,,
4898,,1.0,,
4905,,1.0,,
4908,,1.0,,
4909,,1.0,1.0,
4911,,2.0,,
4915,,3.0,,
4917,,1.0,,
4918,,1.0,,
4921,,1.0,,
4923,,1.0,,
4925,,1.0,,
4928,,,,1.0
4929,,2.0,,
4930,,,,1.0
4931,,1.0,,
4933,,,1.0,1.0
4940,,2.0,,
4942,,2.0,,
4946,,2.0,,
4947,,1.0,,
4948,,1.0,,
4949,,1.0,,
4952,,,,1.0
4954,,1.0,,
4955,,2.0,,
4956,,1.0,,
4957,,1.0,,
4959,,1.0,,
4960,,1.0,,
4961,,1.0,,
4964,,2.0,,
4965,,1.0,,
4966,,1.0,,
4967,,1.0,,
4969,,1.0,,
4971,,1.0,,
4972,,1.0,,
4973,,1.0,,
4974,,4.0,,
4977,,2.0,,
4978,,3.0,,
4980,,1.0,,
4984,,,,1.0
4985,,,,1.0
4987,,,,1.0
4990,,1.0,,
4992,,1.0,,
4993,,1.0,,
4996,,1.0,,
5001,,1.0,,
5003,,,,1.0
5004,,1.0,,
5010,,1.0,,
5011,,1.0,,
5012,,2.0,,
5013,,,,1.0
5017,,1.0,,
5019,,5.0,,
5022,,,,1.0
5028,,1.0,,
5032,,,,1.0
5033,,,,1.0
5035,,1.0,,
5039,,,,2.0
5040,,2.0,,1.0
5041,,,,1.0
5042,,,,1.0
5091,,1.0,,
5110,,1.0,,
5134,,2.0,,
5137,,,,1.0
5141,,1.0,,
5145,,,,1.0
5146,,,,1.0
5166,,,,1.0
5182,,,1.0,
5184,,2.0,,
5186,,2.0,,
5187,,1.0,,1.0
5188,,,,1.0
5190,,1.0,,
5191,,,,1.0
5193,,1.0,,
5195,,,,1.0
5199,,,,1.0
5200,,,1.0,
5202,,,,1.0
5204,,1.0,,
5205,,1.0,,
5214,,,,1.0
5215,,1.0,,
5216,,,,1.0
5217,,,,1.0
5219,,1.0,,
5220,,1.0,,
5222,,,,1.0
5224,,,,1.0
5225,,1.0,,
5227,,1.0,,
5229,,1.0,,
5230,,1.0,,
5234,,2.0,,
5236,,1.0,,
5237,,1.0,,
5240,,1.0,,
5242,,1.0,,
5243,,1.0,,
5245,,1.0,,
5255,,1.0,,
5257,,2.0,,
5266,,1.0,,
5268,,3.0,,
5270,,1.0,,
5274,,1.0,,
5276,,1.0,,
5277,,3.0,,
5279,,1.0,,
5283,,1.0,,
5286,,1.0,,
5287,,1.0,,
5288,,1.0,,
5289,,1.0,,
5291,,1.0,,
5296,,1.0,,
5299,,1.0,,
5301,,1.0,,
5302,,1.0,,
5308,,1.0,,
5313,,4.0,,
5315,,2.0,,
5317,,1.0,,
5319,,2.0,,
5320,,3.0,,
5322,,1.0,,
5324,,2.0,,
5326,,2.0,,
5328,,1.0,,
5330,,1.0,,
5331,,1.0,,
5332,,1.0,,
5333,,1.0,,
5335,,1.0,,
5336,,1.0,,
5339,,1.0,,
5340,,1.0,,
5353,,2.0,,
5354,,1.0,,
5359,,1.0,,
5360,,1.0,,
5362,,1.0,,
5364,,1.0,,
5365,,1.0,,
5367,,1.0,,
5373,,1.0,,
5375,,2.0,,
5377,,1.0,,
5379,,1.0,,
5380,,1.0,,
5382,,1.0,,
5385,,1.0,,
5391,,1.0,,
5392,,1.0,,
5393,,1.0,,
5398,,2.0,,
5400,,2.0,,
5403,,1.0,,
5404,,3.0,,
5407,,2.0,,
5409,,2.0,,
5415,,4.0,,
5418,,2.0,,
5419,,1.0,,
5421,,1.0,,
5422,,1.0,,
5423,,1.0,,
5429,,4.0,,
5430,,1.0,,
5431,,1.0,,
5432,,3.0,,
5433,,1.0,,
5436,,1.0,,
5437,,1.0,,
5440,,1.0,,
5445,,1.0,,
5446,,,,1.0
5447,,2.0,,
5449,,1.0,,
5453,,1.0,,
5455,,1.0,,
5457,,2.0,,
5458,,2.0,,
5459,,1.0,,
5460,,1.0,,
5463,,1.0,,
5472,,1.0,,
5475,,1.0,,
5486,,1.0,,
5487,,4.0,,
5488,,1.0,,
5492,,1.0,,
5493,,2.0,,
5494,,1.0,,
5495,,1.0,,
5497,,2.0,,
5498,,1.0,,
5499,,1.0,,
5501,,1.0,,
5503,,2.0,,
5507,,2.0,,
5508,,1.0,,
5510,,1.0,,
5512,,1.0,,
5514,,1.0,,
5517,,1.0,,
5518,,1.0,,
5519,,2.0,,
5521,,3.0,,
5525,,5.0,,
5526,,2.0,,
5529,,1.0,,
5531,,1.0,,
5533,,3.0,,
5534,,1.0,,
5539,,1.0,,
5540,,2.0,,
5544,,1.0,,
5548,,2.0,,
5556,,1.0,,
5562,,1.0,,
5567,,1.0,,
5571,,1.0,,
5575,,3.0,,
5578,,5.0,,
5579,,1.0,,
5584,,2.0,,
5585,,1.0,,
5587,,4.0,,
5589,,1.0,,
5593,,1.0,,
5595,,1.0,,
5596,,1.0,,
5599,,1.0,,
5600,,2.0,,
5602,,1.0,,
5603,,1.0,,
5607,,1.0,,
5608,,1.0,,
5612,,2.0,,
5613,,1.0,,
5614,,1.0,,
5619,,2.0,,
5628,,1.0,,
5631,,1.0,,
5633,,3.0,,
5634,,1.0,,
5640,,1.0,,
5642,,,,1.0
5644,,2.0,,
5645,,,,1.0
5647,,1.0,,
5650,,,,1.0
5651,,,,1.0
5652,,,,1.0
5653,,1.0,,
5655,,2.0,,
5657,,,1.0,
5658,,,,1.0
5659,,,,1.0
5676,,1.0,,
5677,,,,1.0
5678,,,1.0,
5682,,,,1.0
5683,,4.0,,
5691,,1.0,,
5693,,1.0,,
5694,,,,1.0
5697,,1.0,,
5700,,1.0,,
5702,,,,1.0
5705,,1.0,,
5706,,1.0,,
5712,,2.0,,
5715,,1.0,,
5716,,1.0,,
5717,,1.0,,
5719,,,,1.0
5721,,1.0,,
5722,,1.0,,
5723,,1.0,,
5724,,1.0,,
5727,,1.0,,
5728,,1.0,,
5730,,,,1.0
5731,,,,1.0
5732,,,1.0,
5737,,,,1.0
5738,,2.0,,
5739,,1.0,,
5744,,,,1.0
5747,,1.0,,
5759,,,,1.0
5761,,,,1.0
5762,,,,1.0
5767,,1.0,,
5776,,1.0,,
5779,,1.0,,
5784,,2.0,,
5786,,3.0,,
5787,,5.0,,
5788,,5.0,,
5791,,2.0,,
5793,,2.0,,
5795,,1.0,,
5796,,2.0,,
5798,,1.0,,
5800,,1.0,,
5801,,1.0,,
5802,,3.0,,
5803,,1.0,,
5804,,1.0,,
5805,,10.0,,
5806,,1.0,,
5807,,1.0,,
5809,,2.0,,
5810,,2.0,,
5812,,2.0,,
5813,,3.0,,
5815,,1.0,,
5816,,2.0,,
5818,,3.0,,
5820,,,1.0,1.0
5821,,2.0,,
5822,,2.0,,
5823,,8.0,,
5824,,4.0,,
5825,,1.0,,
5832,,1.0,,
5861,,1.0,,
5876,,1.0,,
5880,,1.0,,
5881,,1.0,,
5882,,1.0,,
5884,,1.0,,
5887,,1.0,,
5888,,1.0,,
5891,,1.0,,
5892,,1.0,,
5893,,2.0,,
5894,,2.0,,
5895,,1.0,,
5897,,2.0,,
5898,,3.0,,
5899,,3.0,,
5903,,2.0,,
5904,,1.0,,
5905,,2.0,,
5906,,1.0,,
5913,,3.0,,
5915,,1.0,,
5916,,4.0,,
5918,,1.0,,
5919,,4.0,,
5920,,1.0,,
5921,,1.0,,
5926,,1.0,,
5927,,2.0,,
5929,,2.0,,
5930,,1.0,,
5931,,1.0,,
5933,,1.0,,
5935,,1.0,,
5939,,2.0,,
5941,,1.0,,
5945,,1.0,,
5946,,1.0,,
5948,,2.0,,
5949,,1.0,,
5950,,1.0,,
5951,,1.0,,
5952,,1.0,,
5953,,1.0,,
5954,,4.0,,
5955,,2.0,,
5957,,2.0,,
5958,,1.0,,
5959,,1.0,,
5960,,3.0,,
5961,,1.0,,
5963,,1.0,,
5964,,4.0,,
5967,,1.0,,
5970,,2.0,,
5971,,1.0,,
5972,,3.0,,
5974,,3.0,,
5975,,3.0,,
5976,,2.0,,
5977,,2.0,,
5978,,1.0,,
5982,,1.0,,
5983,,1.0,,
5985,,1.0,,
5989,,2.0,,
5992,,3.0,,
5995,,1.0,,
5996,,1.0,,
5998,,1.0,,
6000,,1.0,,
6001,,1.0,,
6002,,1.0,,
6006,,3.0,,
6007,,3.0,,
6012,,1.0,,
6013,,1.0,,
6014,,1.0,,
6015,,2.0,,
6016,,1.0,,
6017,,1.0,,
6018,,1.0,,
6020,,3.0,,
6021,,1.0,,
6022,,3.0,,
6025,,3.0,,
6027,,2.0,,
6031,,5.0,,
6032,,2.0,,
6033,,1.0,,
6034,,1.0,,
6037,,1.0,,
6039,,1.0,,
6041,,1.0,,
6042,,1.0,,
6044,,1.0,,
6046,,1.0,,
6047,,1.0,,
6048,,4.0,,
6049,,1.0,,
6050,,1.0,,
6052,,5.0,,
6054,,1.0,,
6055,,2.0,,
6057,,1.0,,
6058,,2.0,,
6059,,1.0,,
6060,,1.0,,
6061,,1.0,,
6066,,1.0,,
6067,,3.0,,
6068,,2.0,,
6069,,2.0,,
6070,,1.0,,
6071,,1.0,,
6075,,3.0,,
6076,,1.0,,
6078,,3.0,,
6079,,1.0,,
6081,,1.0,,
6084,,3.0,,
6086,,1.0,,
6087,,1.0,,
6096,,1.0,,
6097,,1.0,,
6098,,2.0,,
6101,,1.0,,
6102,,4.0,,
6103,,4.0,,
6104,,1.0,,
6105,,1.0,,
6106,,1.0,,
6110,,1.0,,
6112,,1.0,,
6113,,3.0,,
6114,,1.0,,
6116,,1.0,,
6117,,1.0,,
6118,,1.0,,
6119,,3.0,,
6120,,4.0,,
6121,,1.0,,
6124,,1.0,,
6125,,1.0,,
6126,,4.0,,
6128,,1.0,,
6131,,1.0,,
6132,,1.0,,
6133,,1.0,,
6134,,2.0,,
6137,,1.0,,
6139,,1.0,,
6140,,1.0,,
6141,,1.0,,
6142,,1.0,,
6143,,1.0,,
6144,,1.0,,
6146,,1.0,,
6147,,1.0,,
6149,,1.0,,
6150,,1.0,,
6151,,1.0,,
6152,,3.0,,
6153,,2.0,,
6154,,1.0,,
6155,,1.0,,
6157,,2.0,,
6159,,1.0,,
6160,,4.0,,
6162,,1.0,,
6164,,1.0,,
6166,,1.0,,
6167,,1.0,,
6170,,3.0,,
6171,,2.0,,
6176,,2.0,,
6178,,1.0,,
6179,,1.0,,
6181,,1.0,,
6183,,2.0,,
6185,,1.0,,
6186,,2.0,,
6187,,1.0,,
6189,,2.0,,
6191,,3.0,,
6194,,1.0,,
6195,,3.0,,
6196,,1.0,,
6199,,3.0,,
6200,,1.0,,
6207,,2.0,,
6209,,1.0,,
6212,,2.0,,
6214,,3.0,,
6215,,2.0,,
6216,,1.0,,
6217,,1.0,,
6218,,1.0,,
6220,,2.0,,
6221,,2.0,,
6223,,3.0,,
6227,,,,1.0
6231,,1.0,,
6233,,1.0,,
6234,,3.0,,
6235,,2.0,,
6237,,,,1.0
6238,,,1.0,
6240,,,,1.0
6244,,2.0,,
6249,,1.0,,
6250,,2.0,,
6251,,1.0,,
6252,,1.0,,
6253,,1.0,,
6254,,1.0,,
6255,,1.0,,
6256,,,,1.0
6257,,1.0,,
6258,,1.0,,
6259,,1.0,,
6260,,1.0,,
6261,,1.0,,
6262,,1.0,,
6263,,1.0,,
6264,,,1.0,
6265,,1.0,,
6266,,1.0,,
6267,,1.0,,
6268,,1.0,,
6269,,,,1.0
6270,,1.0,,
6271,,1.0,,
6272,,1.0,,
6273,,1.0,,
6274,,1.0,,
6275,,1.0,,
6276,,1.0,,
6277,,,,1.0
6278,,1.0,,
6279,,1.0,,
6280,,1.0,,
6281,,1.0,,
6282,,,1.0,
6283,,1.0,,
6284,,1.0,,
6285,,,,1.0
6286,,1.0,,
6287,,,,1.0
6288,,,,1.0
6289,,1.0,,
6290,,1.0,,
6291,,1.0,,
6292,,1.0,,
6293,,1.0,,
6294,,1.0,,
6295,,1.0,,
6296,,1.0,,
6297,,1.0,,
6298,,1.0,,
6299,,1.0,,
6301,,1.0,,
6303,,1.0,,
6304,,1.0,,
6305,,1.0,,
6306,,1.0,,
6313,,1.0,,
6315,,1.0,,
6318,,1.0,,
6320,,1.0,,
6328,,1.0,,
6330,,1.0,,
6335,,1.0,,
6339,,1.0,,
6342,,1.0,,
6343,,1.0,,
6348,,1.0,,
6349,,1.0,,
6352,,1.0,,
6355,,1.0,,
6356,,1.0,,
6359,,1.0,,
6362,,1.0,,
6367,,1.0,,
6368,,1.0,,
6372,,1.0,,
6373,,2.0,,
6374,,1.0,,
6376,,1.0,,
6382,,1.0,,
6383,,,,1.0
6384,,,,1.0
6388,,1.0,,
6393,,1.0,,
6394,,3.0,,
6395,,1.0,,
6396,,,,1.0
6397,,1.0,,
6399,,2.0,,
6404,,1.0,,
6405,,1.0,,
6407,,,,1.0
6417,,1.0,,
6418,,1.0,,
6419,,1.0,,
6420,,2.0,,
6421,,1.0,,
6423,,1.0,,
6424,,,,1.0
6425,,1.0,,
6426,,1.0,,
6428,,1.0,,
6430,,1.0,,
6431,,1.0,,
6432,,1.0,,
6435,,1.0,,
6436,,1.0,,
6437,,1.0,,
6438,,1.0,,
6440,,,1.0,
6442,,1.0,1.0,
6443,,1.0,,
6465,,2.0,,
6467,,,,3.0
6475,,1.0,,
6476,,,,1.0
6485,,3.0,,
6486,,,,1.0
6488,,,1.0,
6491,,,,1.0
6492,,,,1.0
6497,,1.0,,
6498,,1.0,,
6499,,1.0,,
6504,,1.0,1.0,
6510,,3.0,,
6513,,1.0,,
6514,,1.0,,
6516,,1.0,,
6519,,1.0,,
6521,,1.0,,
6530,,,1.0,
6540,,,,1.0
6542,,1.0,,
6543,,1.0,,
6545,,1.0,,
6548,,,,1.0
6554,,,,1.0
6555,,1.0,,
6558,,,,1.0
6559,,,,1.0
6560,,,,1.0
6561,,,,1.0
6562,,1.0,,
6564,,1.0,,
6566,,3.0,,
6567,,1.0,,
6571,,1.0,,
6573,,2.0,,
6574,,2.0,,
6575,,1.0,,
6576,,1.0,,
6577,,2.0,,
6578,,1.0,,
6579,,1.0,,
6580,,4.0,,
6581,,1.0,,
6582,,1.0,,
6583,,1.0,,
6584,,2.0,,
6585,,,,1.0
6592,,,,1.0
6598,,1.0,,
6607,,2.0,,
6611,,3.0,,
6612,,,,1.0
6615,,1.0,,
6619,,2.0,,
6626,,,,1.0
